dept,college,aliases
中國語文學系,人文社會科學學院,
人文社會科學學院亞太區域研究博士班,人文社會科學學院,
人文社會科學學院華語文教學國際博士班,人文社會科學學院,
人文社會科學學院華語文教學暨書法國際碩士班,人文社會科學學院,
公共行政學系,人文社會科學學院,
歷史學系,人文社會科學學院,
法律學系,人文社會科學學院,法律學士學位學程;法律學士學位學程原住民專班;法律學系原住民專班
社會學系,人文社會科學學院,
經濟學系,人文社會科學學院,
臺灣文化學系,人文社會科學學院,
英美語文學系,人文社會科學學院,
華文文學系,人文社會科學學院,
諮商與臨床心理學系,人文社會科學學院,
原住民族樂舞與藝術學士學位學程,原住民民族學院,
原住民民族學院原住民族研究國際博士班,原住民民族學院,
族群關係與文化學系,原住民民族學院,
民族發展與社會工作學系,原住民民族學院,民族事務與發展學系;民族社會工作學士學位學程
民族語言與傳播學系,原住民民族學院,
縱谷跨域書院學士學位學程,洄瀾學院,
光電工程學系,理工學院,
化學系,理工學院,
應用數學系,理工學院,
材料科學與工程學系,理工學院,
物理學系,理工學院,
理工學院大數據科學國際學士班,理工學院,
生化暨分子醫學科學系,理工學院,生命科學系
資訊工程學系,理工學院,
電機工程學系,理工學院,
人文與環境碩士學位學程,環境暨海洋學院,
海洋生物研究所,環境暨海洋學院,
自然資源與環境學系,環境暨海洋學院,
企業管理學系,管理學院,
國際企業學系,管理學院,
會計學系,管理學院,
管理學院數位行銷與服務創新國際學士班,管理學院,
管理學院會計與資訊管理國際學士班,管理學院,
管理學院管理科學與財金國際學士學位學程,管理學院,
管理學院高階經營管理碩士在職專班,管理學院,
觀光暨休閒遊憩學系,管理學院,
財務金融學系,管理學院,
資訊管理學系,管理學院,資訊管理碩士學位學程
運籌管理研究所,管理學院,
幼兒教育學系,花師教育學院,
教育與潛能開發學系,花師教育學院,
教育行政與管理學系,花師教育學院,
特殊教育學系,花師教育學院,
花師教育學院多元文化教育博士班,花師教育學院,
花師教育學院多元文化教育碩士班,花師教育學院,
體育與運動科學系,花師教育學院,
藝術創意產業學系,藝術學院,
藝術學院藝術跨領域國際博士班,藝術學院,
藝術與設計學系,藝術學院,
音樂學系,藝術學院,
