semester,college,dept,dept_raw,degree,program_raw,gender,count
111-1,人文社會科學學院,中國語文學系,中國語文學系,博士,博士班,女,21
111-1,人文社會科學學院,中國語文學系,中國語文學系,博士,博士班,男,16
111-1,人文社會科學學院,中國語文學系,中國語文學系,學士,學士班,女,125
111-1,人文社會科學學院,中國語文學系,中國語文學系,學士,學士班,男,59
111-1,人文社會科學學院,中國語文學系,中國語文學系,碩士,碩士在職專班,女,2
111-1,人文社會科學學院,中國語文學系,中國語文學系,碩士,碩士在職專班,男,0
111-1,人文社會科學學院,中國語文學系,中國語文學系,碩士,碩士班,女,15
111-1,人文社會科學學院,中國語文學系,中國語文學系,碩士,碩士班,男,10
111-1,人文社會科學學院,人文社會科學學院亞太區域研究博士班,人文社會科學學院亞太區域研究博士班(109新增),博士,博士班,女,6
111-1,人文社會科學學院,人文社會科學學院亞太區域研究博士班,人文社會科學學院亞太區域研究博士班(109新增),博士,博士班,男,16
111-1,人文社會科學學院,人文社會科學學院華語文教學國際博士班,人文社會科學學院華語文教學國際博士班(108新增),博士,博士班,女,4
111-1,人文社會科學學院,人文社會科學學院華語文教學國際博士班,人文社會科學學院華語文教學國際博士班(108新增),博士,博士班,男,2
111-1,人文社會科學學院,人文社會科學學院華語文教學暨書法國際碩士班,人文社會科學學院華語文教學暨書法國際碩士班(111新增),碩士,碩士班,女,1
111-1,人文社會科學學院,人文社會科學學院華語文教學暨書法國際碩士班,人文社會科學學院華語文教學暨書法國際碩士班(111新增),碩士,碩士班,男,0
111-1,人文社會科學學院,公共行政學系,公共行政學系,學士,學士班,女,89
111-1,人文社會科學學院,公共行政學系,公共行政學系,學士,學士班,男,60
111-1,人文社會科學學院,公共行政學系,公共行政學系,碩士,碩士在職專班,女,10
111-1,人文社會科學學院,公共行政學系,公共行政學系,碩士,碩士在職專班,男,18
111-1,人文社會科學學院,公共行政學系,公共行政學系,碩士,碩士班,女,9
111-1,人文社會科學學院,公共行政學系,公共行政學系,碩士,碩士班,男,9
111-1,人文社會科學學院,歷史學系,歷史學系,學士,學士班,女,101
111-1,人文社會科學學院,歷史學系,歷史學系,學士,學士班,男,133
111-1,人文社會科學學院,歷史學系,歷史學系,碩士,碩士班,女,3
111-1,人文社會科學學院,歷史學系,歷史學系,碩士,碩士班,男,12
111-1,人文社會科學學院,法律學系,法律學士學位學程(108年起停招),學士,學士班,女,1
111-1,人文社會科學學院,法律學系,法律學士學位學程(108年起停招),學士,學士班,男,2
111-1,人文社會科學學院,法律學系,法律學士學位學程原住民專班(108年起停招),學士,學士班,女,7
111-1,人文社會科學學院,法律學系,法律學士學位學程原住民專班(108年起停招),學士,學士班,男,1
111-1,人文社會科學學院,法律學系,法律學系(108新增),學士,學士班,女,69
111-1,人文社會科學學院,法律學系,法律學系(108新增),學士,學士班,男,50
111-1,人文社會科學學院,法律學系,法律學系(109新增),碩士,碩士班,女,17
111-1,人文社會科學學院,法律學系,法律學系(109新增),碩士,碩士班,男,30
111-1,人文社會科學學院,法律學系,法律學系原住民專班(108新增),學士,學士班,女,50
111-1,人文社會科學學院,法律學系,法律學系原住民專班(108新增),學士,學士班,男,24
111-1,人文社會科學學院,社會學系,社會學系,學士,學士班,女,119
111-1,人文社會科學學院,社會學系,社會學系,學士,學士班,男,61
111-1,人文社會科學學院,社會學系,社會學系,碩士,碩士班,女,15
111-1,人文社會科學學院,社會學系,社會學系,碩士,碩士班,男,7
111-1,人文社會科學學院,經濟學系,經濟學系,博士,博士班,女,5
111-1,人文社會科學學院,經濟學系,經濟學系,博士,博士班,男,5
111-1,人文社會科學學院,經濟學系,經濟學系,學士,學士班,女,90
111-1,人文社會科學學院,經濟學系,經濟學系,學士,學士班,男,121
111-1,人文社會科學學院,經濟學系,經濟學系,碩士,碩士班,女,7
111-1,人文社會科學學院,經濟學系,經濟學系,碩士,碩士班,男,9
111-1,人文社會科學學院,臺灣文化學系,臺灣文化學系,學士,學士班,女,81
111-1,人文社會科學學院,臺灣文化學系,臺灣文化學系,學士,學士班,男,111
111-1,人文社會科學學院,臺灣文化學系,臺灣文化學系,碩士,碩士在職專班,女,1
111-1,人文社會科學學院,臺灣文化學系,臺灣文化學系,碩士,碩士在職專班,男,2
111-1,人文社會科學學院,臺灣文化學系,臺灣文化學系,碩士,碩士班,女,15
111-1,人文社會科學學院,臺灣文化學系,臺灣文化學系,碩士,碩士班,男,16
111-1,人文社會科學學院,英美語文學系,英美語文學系,學士,學士班,女,139
111-1,人文社會科學學院,英美語文學系,英美語文學系,學士,學士班,男,74
111-1,人文社會科學學院,英美語文學系,英美語文學系,碩士,碩士班,女,27
111-1,人文社會科學學院,英美語文學系,英美語文學系,碩士,碩士班,男,13
111-1,人文社會科學學院,華文文學系,華文文學系,學士,學士班,女,154
111-1,人文社會科學學院,華文文學系,華文文學系,學士,學士班,男,58
111-1,人文社會科學學院,華文文學系,華文文學系,碩士,碩士班,女,36
111-1,人文社會科學學院,華文文學系,華文文學系,碩士,碩士班,男,22
111-1,人文社會科學學院,諮商與臨床心理學系,諮商與臨床心理學系,學士,學士班,女,183
111-1,人文社會科學學院,諮商與臨床心理學系,諮商與臨床心理學系,學士,學士班,男,64
111-1,人文社會科學學院,諮商與臨床心理學系,諮商與臨床心理學系,碩士,碩士班,女,105
111-1,人文社會科學學院,諮商與臨床心理學系,諮商與臨床心理學系,碩士,碩士班,男,41
111-1,原住民民族學院,原住民族樂舞與藝術學士學位學程,原住民族樂舞與藝術學士學位學程(108新增),學士,學士班,女,37
111-1,原住民民族學院,原住民族樂舞與藝術學士學位學程,原住民族樂舞與藝術學士學位學程(108新增),學士,學士班,男,23
111-1,原住民民族學院,族群關係與文化學系,族群關係與文化學系,博士,博士班,女,13
111-1,原住民民族學院,族群關係與文化學系,族群關係與文化學系,博士,博士班,男,15
111-1,原住民民族學院,族群關係與文化學系,族群關係與文化學系,學士,學士班,女,106
111-1,原住民民族學院,族群關係與文化學系,族群關係與文化學系,學士,學士班,男,63
111-1,原住民民族學院,族群關係與文化學系,族群關係與文化學系,碩士,碩士在職專班,女,13
111-1,原住民民族學院,族群關係與文化學系,族群關係與文化學系,碩士,碩士在職專班,男,5
111-1,原住民民族學院,族群關係與文化學系,族群關係與文化學系,碩士,碩士班,女,14
111-1,原住民民族學院,族群關係與文化學系,族群關係與文化學系,碩士,碩士班,男,11
111-1,原住民民族學院,民族發展與社會工作學系,民族事務與發展學系,學士,學士班,女,46
111-1,原住民民族學院,民族發展與社會工作學系,民族事務與發展學系,學士,學士班,男,32
111-1,原住民民族學院,民族發展與社會工作學系,民族事務與發展學系,碩士,碩士在職專班,女,43
111-1,原住民民族學院,民族發展與社會工作學系,民族事務與發展學系,碩士,碩士在職專班,男,12
111-1,原住民民族學院,民族發展與社會工作學系,民族事務與發展學系,碩士,碩士班,女,18
111-1,原住民民族學院,民族發展與社會工作學系,民族事務與發展學系,碩士,碩士班,男,14
111-1,原住民民族學院,民族發展與社會工作學系,民族社會工作學士學位學程,學士,學士班,女,78
111-1,原住民民族學院,民族發展與社會工作學系,民族社會工作學士學位學程,學士,學士班,男,39
111-1,原住民民族學院,民族語言與傳播學系,民族語言與傳播學系,學士,學士班,女,106
111-1,原住民民族學院,民族語言與傳播學系,民族語言與傳播學系,學士,學士班,男,59
111-1,洄瀾學院,縱谷跨域書院學士學位學程,縱谷跨域書院學士學位學程(111新增，由108新增的大一不分系學士班111更名),學士,學士班,女,21
111-1,洄瀾學院,縱谷跨域書院學士學位學程,縱谷跨域書院學士學位學程(111新增，由108新增的大一不分系學士班111更名),學士,學士班,男,17
111-1,理工學院,光電工程學系,光電工程學系,學士,學士班,女,35
111-1,理工學院,光電工程學系,光電工程學系,學士,學士班,男,148
111-1,理工學院,光電工程學系,光電工程學系,碩士,碩士班,女,4
111-1,理工學院,光電工程學系,光電工程學系,碩士,碩士班,男,30
111-1,理工學院,化學系,化學系,博士,博士班,女,9
111-1,理工學院,化學系,化學系,博士,博士班,男,8
111-1,理工學院,化學系,化學系,學士,學士班,女,89
111-1,理工學院,化學系,化學系,學士,學士班,男,115
111-1,理工學院,化學系,化學系,碩士,碩士班,女,7
111-1,理工學院,化學系,化學系,碩士,碩士班,男,21
111-1,理工學院,應用數學系,應用數學系,博士,博士班,女,0
111-1,理工學院,應用數學系,應用數學系,博士,博士班,男,6
111-1,理工學院,應用數學系,應用數學系,學士,學士班,女,86
111-1,理工學院,應用數學系,應用數學系,學士,學士班,男,220
111-1,理工學院,應用數學系,應用數學系,碩士,碩士班,女,8
111-1,理工學院,應用數學系,應用數學系,碩士,碩士班,男,21
111-1,理工學院,材料科學與工程學系,材料科學與工程學系,博士,博士班,女,3
111-1,理工學院,材料科學與工程學系,材料科學與工程學系,博士,博士班,男,8
111-1,理工學院,材料科學與工程學系,材料科學與工程學系,學士,學士班,女,83
111-1,理工學院,材料科學與工程學系,材料科學與工程學系,學士,學士班,男,143
111-1,理工學院,材料科學與工程學系,材料科學與工程學系,碩士,碩士班,女,10
111-1,理工學院,材料科學與工程學系,材料科學與工程學系,碩士,碩士班,男,22
111-1,理工學院,物理學系,物理學系,博士,博士班,女,10
111-1,理工學院,物理學系,物理學系,博士,博士班,男,14
111-1,理工學院,物理學系,物理學系,學士,學士班,女,57
111-1,理工學院,物理學系,物理學系,學士,學士班,男,183
111-1,理工學院,物理學系,物理學系,碩士,碩士班,女,2
111-1,理工學院,物理學系,物理學系,碩士,碩士班,男,12
111-1,理工學院,生化暨分子醫學科學系,生命科學系,博士,博士班,女,3
111-1,理工學院,生化暨分子醫學科學系,生命科學系,博士,博士班,男,6
111-1,理工學院,生化暨分子醫學科學系,生命科學系,學士,學士班,女,84
111-1,理工學院,生化暨分子醫學科學系,生命科學系,學士,學士班,男,93
111-1,理工學院,生化暨分子醫學科學系,生命科學系,碩士,碩士班,女,6
111-1,理工學院,生化暨分子醫學科學系,生命科學系,碩士,碩士班,男,8
111-1,理工學院,資訊工程學系,資訊工程學系,博士,博士班,女,2
111-1,理工學院,資訊工程學系,資訊工程學系,博士,博士班,男,10
111-1,理工學院,資訊工程學系,資訊工程學系,學士,學士班,女,144
111-1,理工學院,資訊工程學系,資訊工程學系,學士,學士班,男,337
111-1,理工學院,資訊工程學系,資訊工程學系,碩士,碩士在職專班,女,1
111-1,理工學院,資訊工程學系,資訊工程學系,碩士,碩士在職專班,男,4
111-1,理工學院,資訊工程學系,資訊工程學系,碩士,碩士班,女,33
111-1,理工學院,資訊工程學系,資訊工程學系,碩士,碩士班,男,84
111-1,理工學院,電機工程學系,電機工程學系,博士,博士班,女,1
111-1,理工學院,電機工程學系,電機工程學系,博士,博士班,男,6
111-1,理工學院,電機工程學系,電機工程學系,學士,學士班,女,39
111-1,理工學院,電機工程學系,電機工程學系,學士,學士班,男,203
111-1,理工學院,電機工程學系,電機工程學系,碩士,碩士班,女,1
111-1,理工學院,電機工程學系,電機工程學系,碩士,碩士班,男,38
111-1,環境暨海洋學院,人文與環境碩士學位學程,人文與環境碩士學位學程,碩士,碩士班,女,4
111-1,環境暨海洋學院,人文與環境碩士學位學程,人文與環境碩士學位學程,碩士,碩士班,男,2
111-1,環境暨海洋學院,海洋生物研究所,海洋生物研究所,博士,博士班,女,2
111-1,環境暨海洋學院,海洋生物研究所,海洋生物研究所,博士,博士班,男,3
111-1,環境暨海洋學院,海洋生物研究所,海洋生物研究所,碩士,碩士班,女,13
111-1,環境暨海洋學院,海洋生物研究所,海洋生物研究所,碩士,碩士班,男,13
111-1,環境暨海洋學院,自然資源與環境學系,自然資源與環境學系,博士,博士班,女,12
111-1,環境暨海洋學院,自然資源與環境學系,自然資源與環境學系,博士,博士班,男,23
111-1,環境暨海洋學院,自然資源與環境學系,自然資源與環境學系,學士,學士班,女,93
111-1,環境暨海洋學院,自然資源與環境學系,自然資源與環境學系,學士,學士班,男,128
111-1,環境暨海洋學院,自然資源與環境學系,自然資源與環境學系,碩士,碩士班,女,31
111-1,環境暨海洋學院,自然資源與環境學系,自然資源與環境學系,碩士,碩士班,男,41
111-1,管理學院,企業管理學系,企業管理學系,博士,博士班,女,18
111-1,管理學院,企業管理學系,企業管理學系,博士,博士班,男,28
111-1,管理學院,企業管理學系,企業管理學系,學士,學士班,女,117
111-1,管理學院,企業管理學系,企業管理學系,學士,學士班,男,113
111-1,管理學院,企業管理學系,企業管理學系,碩士,碩士在職專班,女,21
111-1,管理學院,企業管理學系,企業管理學系,碩士,碩士在職專班,男,29
111-1,管理學院,企業管理學系,企業管理學系,碩士,碩士班,女,34
111-1,管理學院,企業管理學系,企業管理學系,碩士,碩士班,男,26
111-1,管理學院,國際企業學系,國際企業學系,學士,學士班,女,153
111-1,管理學院,國際企業學系,國際企業學系,學士,學士班,男,80
111-1,管理學院,國際企業學系,國際企業學系,碩士,碩士在職專班,女,17
111-1,管理學院,國際企業學系,國際企業學系,碩士,碩士在職專班,男,22
111-1,管理學院,國際企業學系,國際企業學系,碩士,碩士班,女,28
111-1,管理學院,國際企業學系,國際企業學系,碩士,碩士班,男,11
111-1,管理學院,會計學系,會計學系,學士,學士班,女,138
111-1,管理學院,會計學系,會計學系,學士,學士班,男,105
111-1,管理學院,會計學系,會計學系(108新增),碩士,碩士班,女,18
111-1,管理學院,會計學系,會計學系(108新增),碩士,碩士班,男,10
111-1,管理學院,管理學院管理科學與財金國際學士學位學程,管理學院管理科學與財金國際學士學位學程,學士,學士班,女,49
111-1,管理學院,管理學院管理科學與財金國際學士學位學程,管理學院管理科學與財金國際學士學位學程,學士,學士班,男,41
111-1,管理學院,管理學院高階經營管理碩士在職專班,管理學院高階經營管理碩士在職專班,碩士,碩士在職專班,女,32
111-1,管理學院,管理學院高階經營管理碩士在職專班,管理學院高階經營管理碩士在職專班,碩士,碩士在職專班,男,24
111-1,管理學院,觀光暨休閒遊憩學系,觀光暨休閒遊憩學系,學士,學士班,女,135
111-1,管理學院,觀光暨休閒遊憩學系,觀光暨休閒遊憩學系,學士,學士班,男,78
111-1,管理學院,觀光暨休閒遊憩學系,觀光暨休閒遊憩學系,碩士,碩士班,女,23
111-1,管理學院,觀光暨休閒遊憩學系,觀光暨休閒遊憩學系,碩士,碩士班,男,6
111-1,管理學院,財務金融學系,財務金融學系,學士,學士班,女,108
111-1,管理學院,財務金融學系,財務金融學系,學士,學士班,男,147
111-1,管理學院,財務金融學系,財務金融學系,碩士,碩士班,女,19
111-1,管理學院,財務金融學系,財務金融學系,碩士,碩士班,男,21
111-1,管理學院,資訊管理學系,資訊管理學系,學士,學士班,女,103
111-1,管理學院,資訊管理學系,資訊管理學系,學士,學士班,男,127
111-1,管理學院,資訊管理學系,資訊管理學系(107新增),碩士,碩士班,女,12
111-1,管理學院,資訊管理學系,資訊管理學系(107新增),碩士,碩士班,男,13
111-1,管理學院,資訊管理學系,資訊管理碩士學位學程(107年起停招),碩士,碩士班,女,0
111-1,管理學院,資訊管理學系,資訊管理碩士學位學程(107年起停招),碩士,碩士班,男,2
111-1,管理學院,運籌管理研究所,運籌管理研究所,碩士,碩士班,女,17
111-1,管理學院,運籌管理研究所,運籌管理研究所,碩士,碩士班,男,13
111-1,花師教育學院,幼兒教育學系,幼兒教育學系,學士,學士班,女,177
111-1,花師教育學院,幼兒教育學系,幼兒教育學系,學士,學士班,男,23
111-1,花師教育學院,幼兒教育學系,幼兒教育學系,碩士,碩士在職專班,女,33
111-1,花師教育學院,幼兒教育學系,幼兒教育學系,碩士,碩士在職專班,男,2
111-1,花師教育學院,幼兒教育學系,幼兒教育學系,碩士,碩士班,女,15
111-1,花師教育學院,幼兒教育學系,幼兒教育學系,碩士,碩士班,男,2
111-1,花師教育學院,教育與潛能開發學系,教育與潛能開發學系,博士,博士班,女,72
111-1,花師教育學院,教育與潛能開發學系,教育與潛能開發學系,博士,博士班,男,74
111-1,花師教育學院,教育與潛能開發學系,教育與潛能開發學系,學士,學士班,女,125
111-1,花師教育學院,教育與潛能開發學系,教育與潛能開發學系,學士,學士班,男,66
111-1,花師教育學院,教育與潛能開發學系,教育與潛能開發學系,碩士,碩士在職專班,女,62
111-1,花師教育學院,教育與潛能開發學系,教育與潛能開發學系,碩士,碩士在職專班,男,21
111-1,花師教育學院,教育與潛能開發學系,教育與潛能開發學系,碩士,碩士班,女,62
111-1,花師教育學院,教育與潛能開發學系,教育與潛能開發學系,碩士,碩士班,男,35
111-1,花師教育學院,教育行政與管理學系,教育行政與管理學系,學士,學士班,女,102
111-1,花師教育學院,教育行政與管理學系,教育行政與管理學系,學士,學士班,男,63
111-1,花師教育學院,教育行政與管理學系,教育行政與管理學系,碩士,碩士在職專班,女,72
111-1,花師教育學院,教育行政與管理學系,教育行政與管理學系,碩士,碩士在職專班,男,25
111-1,花師教育學院,教育行政與管理學系,教育行政與管理學系,碩士,碩士班,女,16
111-1,花師教育學院,教育行政與管理學系,教育行政與管理學系,碩士,碩士班,男,11
111-1,花師教育學院,特殊教育學系,特殊教育學系,學士,學士班,女,130
111-1,花師教育學院,特殊教育學系,特殊教育學系,學士,學士班,男,30
111-1,花師教育學院,特殊教育學系,特殊教育學系,碩士,碩士班,女,23
111-1,花師教育學院,特殊教育學系,特殊教育學系,碩士,碩士班,男,2
111-1,花師教育學院,體育與運動科學系,體育與運動科學系,學士,學士班,女,50
111-1,花師教育學院,體育與運動科學系,體育與運動科學系,學士,學士班,男,134
111-1,花師教育學院,體育與運動科學系,體育與運動科學系,碩士,碩士在職專班,女,17
111-1,花師教育學院,體育與運動科學系,體育與運動科學系,碩士,碩士在職專班,男,20
111-1,花師教育學院,體育與運動科學系,體育與運動科學系,碩士,碩士班,女,10
111-1,花師教育學院,體育與運動科學系,體育與運動科學系,碩士,碩士班,男,13
111-1,藝術學院,藝術創意產業學系,藝術創意產業學系,學士,學士班,女,195
111-1,藝術學院,藝術創意產業學系,藝術創意產業學系,學士,學士班,男,32
111-1,藝術學院,藝術創意產業學系,藝術創意產業學系,碩士,碩士在職專班,女,18
111-1,藝術學院,藝術創意產業學系,藝術創意產業學系,碩士,碩士在職專班,男,12
111-1,藝術學院,藝術創意產業學系,藝術創意產業學系,碩士,碩士班,女,25
111-1,藝術學院,藝術創意產業學系,藝術創意產業學系,碩士,碩士班,男,11
111-1,藝術學院,藝術與設計學系,藝術與設計學系,學士,學士班,女,184
111-1,藝術學院,藝術與設計學系,藝術與設計學系,學士,學士班,男,44
111-1,藝術學院,藝術與設計學系,藝術與設計學系,碩士,碩士班,女,31
111-1,藝術學院,藝術與設計學系,藝術與設計學系,碩士,碩士班,男,14
111-1,藝術學院,音樂學系,音樂學系,學士,學士班,女,55
111-1,藝術學院,音樂學系,音樂學系,學士,學士班,男,41
111-1,藝術學院,音樂學系,音樂學系,碩士,碩士班,女,20
111-1,藝術學院,音樂學系,音樂學系,碩士,碩士班,男,13
111-2,人文社會科學學院,中國語文學系,中國語文學系,博士,博士班,女,22
111-2,人文社會科學學院,中國語文學系,中國語文學系,博士,博士班,男,15
111-2,人文社會科學學院,中國語文學系,中國語文學系,學士,學士班,女,118
111-2,人文社會科學學院,中國語文學系,中國語文學系,學士,學士班,男,55
111-2,人文社會科學學院,中國語文學系,中國語文學系,碩士,碩士在職專班,女,2
111-2,人文社會科學學院,中國語文學系,中國語文學系,碩士,碩士在職專班,男,0
111-2,人文社會科學學院,中國語文學系,中國語文學系,碩士,碩士班,女,14
111-2,人文社會科學學院,中國語文學系,中國語文學系,碩士,碩士班,男,8
111-2,人文社會科學學院,人文社會科學學院亞太區域研究博士班,人文社會科學學院亞太區域研究博士班(109新增),博士,博士班,女,6
111-2,人文社會科學學院,人文社會科學學院亞太區域研究博士班,人文社會科學學院亞太區域研究博士班(109新增),博士,博士班,男,16
111-2,人文社會科學學院,人文社會科學學院華語文教學國際博士班,人文社會科學學院華語文教學國際博士班(108新增),博士,博士班,女,4
111-2,人文社會科學學院,人文社會科學學院華語文教學國際博士班,人文社會科學學院華語文教學國際博士班(108新增),博士,博士班,男,1
111-2,人文社會科學學院,人文社會科學學院華語文教學暨書法國際碩士班,人文社會科學學院華語文教學暨書法國際碩士班(111新增),碩士,碩士班,女,2
111-2,人文社會科學學院,人文社會科學學院華語文教學暨書法國際碩士班,人文社會科學學院華語文教學暨書法國際碩士班(111新增),碩士,碩士班,男,0
111-2,人文社會科學學院,公共行政學系,公共行政學系,學士,學士班,女,88
111-2,人文社會科學學院,公共行政學系,公共行政學系,學士,學士班,男,63
111-2,人文社會科學學院,公共行政學系,公共行政學系,碩士,碩士在職專班,女,7
111-2,人文社會科學學院,公共行政學系,公共行政學系,碩士,碩士在職專班,男,16
111-2,人文社會科學學院,公共行政學系,公共行政學系,碩士,碩士班,女,11
111-2,人文社會科學學院,公共行政學系,公共行政學系,碩士,碩士班,男,5
111-2,人文社會科學學院,歷史學系,歷史學系,學士,學士班,女,97
111-2,人文社會科學學院,歷史學系,歷史學系,學士,學士班,男,128
111-2,人文社會科學學院,歷史學系,歷史學系,碩士,碩士班,女,2
111-2,人文社會科學學院,歷史學系,歷史學系,碩士,碩士班,男,12
111-2,人文社會科學學院,法律學系,法律學士學位學程(108年起停招),學士,學士班,女,0
111-2,人文社會科學學院,法律學系,法律學士學位學程(108年起停招),學士,學士班,男,2
111-2,人文社會科學學院,法律學系,法律學士學位學程原住民專班(108年起停招),學士,學士班,女,5
111-2,人文社會科學學院,法律學系,法律學士學位學程原住民專班(108年起停招),學士,學士班,男,1
111-2,人文社會科學學院,法律學系,法律學系(108新增),學士,學士班,女,68
111-2,人文社會科學學院,法律學系,法律學系(108新增),學士,學士班,男,50
111-2,人文社會科學學院,法律學系,法律學系(109新增),碩士,碩士班,女,17
111-2,人文社會科學學院,法律學系,法律學系(109新增),碩士,碩士班,男,24
111-2,人文社會科學學院,法律學系,法律學系原住民專班(108新增),學士,學士班,女,48
111-2,人文社會科學學院,法律學系,法律學系原住民專班(108新增),學士,學士班,男,24
111-2,人文社會科學學院,社會學系,社會學系,學士,學士班,女,115
111-2,人文社會科學學院,社會學系,社會學系,學士,學士班,男,60
111-2,人文社會科學學院,社會學系,社會學系,碩士,碩士班,女,14
111-2,人文社會科學學院,社會學系,社會學系,碩士,碩士班,男,6
111-2,人文社會科學學院,經濟學系,經濟學系,博士,博士班,女,5
111-2,人文社會科學學院,經濟學系,經濟學系,博士,博士班,男,4
111-2,人文社會科學學院,經濟學系,經濟學系,學士,學士班,女,90
111-2,人文社會科學學院,經濟學系,經濟學系,學士,學士班,男,114
111-2,人文社會科學學院,經濟學系,經濟學系,碩士,碩士班,女,7
111-2,人文社會科學學院,經濟學系,經濟學系,碩士,碩士班,男,10
111-2,人文社會科學學院,臺灣文化學系,臺灣文化學系,學士,學士班,女,75
111-2,人文社會科學學院,臺灣文化學系,臺灣文化學系,學士,學士班,男,102
111-2,人文社會科學學院,臺灣文化學系,臺灣文化學系,碩士,碩士在職專班,女,1
111-2,人文社會科學學院,臺灣文化學系,臺灣文化學系,碩士,碩士在職專班,男,1
111-2,人文社會科學學院,臺灣文化學系,臺灣文化學系,碩士,碩士班,女,13
111-2,人文社會科學學院,臺灣文化學系,臺灣文化學系,碩士,碩士班,男,16
111-2,人文社會科學學院,英美語文學系,英美語文學系,學士,學士班,女,131
111-2,人文社會科學學院,英美語文學系,英美語文學系,學士,學士班,男,70
111-2,人文社會科學學院,英美語文學系,英美語文學系,碩士,碩士班,女,27
111-2,人文社會科學學院,英美語文學系,英美語文學系,碩士,碩士班,男,15
111-2,人文社會科學學院,華文文學系,華文文學系,學士,學士班,女,152
111-2,人文社會科學學院,華文文學系,華文文學系,學士,學士班,男,52
111-2,人文社會科學學院,華文文學系,華文文學系,碩士,碩士班,女,36
111-2,人文社會科學學院,華文文學系,華文文學系,碩士,碩士班,男,19
111-2,人文社會科學學院,諮商與臨床心理學系,諮商與臨床心理學系,學士,學士班,女,180
111-2,人文社會科學學院,諮商與臨床心理學系,諮商與臨床心理學系,學士,學士班,男,58
111-2,人文社會科學學院,諮商與臨床心理學系,諮商與臨床心理學系,碩士,碩士班,女,108
111-2,人文社會科學學院,諮商與臨床心理學系,諮商與臨床心理學系,碩士,碩士班,男,44
111-2,原住民民族學院,原住民族樂舞與藝術學士學位學程,原住民族樂舞與藝術學士學位學程(108新增),學士,學士班,女,36
111-2,原住民民族學院,原住民族樂舞與藝術學士學位學程,原住民族樂舞與藝術學士學位學程(108新增),學士,學士班,男,22
111-2,原住民民族學院,族群關係與文化學系,族群關係與文化學系,博士,博士班,女,13
111-2,原住民民族學院,族群關係與文化學系,族群關係與文化學系,博士,博士班,男,15
111-2,原住民民族學院,族群關係與文化學系,族群關係與文化學系,學士,學士班,女,98
111-2,原住民民族學院,族群關係與文化學系,族群關係與文化學系,學士,學士班,男,58
111-2,原住民民族學院,族群關係與文化學系,族群關係與文化學系,碩士,碩士在職專班,女,13
111-2,原住民民族學院,族群關係與文化學系,族群關係與文化學系,碩士,碩士在職專班,男,3
111-2,原住民民族學院,族群關係與文化學系,族群關係與文化學系,碩士,碩士班,女,12
111-2,原住民民族學院,族群關係與文化學系,族群關係與文化學系,碩士,碩士班,男,13
111-2,原住民民族學院,民族發展與社會工作學系,民族事務與發展學系,學士,學士班,女,43
111-2,原住民民族學院,民族發展與社會工作學系,民族事務與發展學系,學士,學士班,男,31
111-2,原住民民族學院,民族發展與社會工作學系,民族事務與發展學系,碩士,碩士在職專班,女,35
111-2,原住民民族學院,民族發展與社會工作學系,民族事務與發展學系,碩士,碩士在職專班,男,14
111-2,原住民民族學院,民族發展與社會工作學系,民族事務與發展學系,碩士,碩士班,女,17
111-2,原住民民族學院,民族發展與社會工作學系,民族事務與發展學系,碩士,碩士班,男,14
111-2,原住民民族學院,民族發展與社會工作學系,民族社會工作學士學位學程,學士,學士班,女,75
111-2,原住民民族學院,民族發展與社會工作學系,民族社會工作學士學位學程,學士,學士班,男,35
111-2,原住民民族學院,民族語言與傳播學系,民族語言與傳播學系,學士,學士班,女,98
111-2,原住民民族學院,民族語言與傳播學系,民族語言與傳播學系,學士,學士班,男,56
111-2,洄瀾學院,縱谷跨域書院學士學位學程,縱谷跨域書院學士學位學程(111新增),學士,學士班,女,16
111-2,洄瀾學院,縱谷跨域書院學士學位學程,縱谷跨域書院學士學位學程(111新增),學士,學士班,男,14
111-2,理工學院,光電工程學系,光電工程學系,學士,學士班,女,35
111-2,理工學院,光電工程學系,光電工程學系,學士,學士班,男,147
111-2,理工學院,光電工程學系,光電工程學系,碩士,碩士班,女,4
111-2,理工學院,光電工程學系,光電工程學系,碩士,碩士班,男,26
111-2,理工學院,化學系,化學系,博士,博士班,女,8
111-2,理工學院,化學系,化學系,博士,博士班,男,8
111-2,理工學院,化學系,化學系,學士,學士班,女,88
111-2,理工學院,化學系,化學系,學士,學士班,男,109
111-2,理工學院,化學系,化學系,碩士,碩士班,女,7
111-2,理工學院,化學系,化學系,碩士,碩士班,男,17
111-2,理工學院,應用數學系,應用數學系,博士,博士班,女,0
111-2,理工學院,應用數學系,應用數學系,博士,博士班,男,4
111-2,理工學院,應用數學系,應用數學系,學士,學士班,女,80
111-2,理工學院,應用數學系,應用數學系,學士,學士班,男,208
111-2,理工學院,應用數學系,應用數學系,碩士,碩士班,女,7
111-2,理工學院,應用數學系,應用數學系,碩士,碩士班,男,20
111-2,理工學院,材料科學與工程學系,材料科學與工程學系,博士,博士班,女,3
111-2,理工學院,材料科學與工程學系,材料科學與工程學系,博士,博士班,男,7
111-2,理工學院,材料科學與工程學系,材料科學與工程學系,學士,學士班,女,84
111-2,理工學院,材料科學與工程學系,材料科學與工程學系,學士,學士班,男,141
111-2,理工學院,材料科學與工程學系,材料科學與工程學系,碩士,碩士班,女,9
111-2,理工學院,材料科學與工程學系,材料科學與工程學系,碩士,碩士班,男,19
111-2,理工學院,物理學系,物理學系,博士,博士班,女,10
111-2,理工學院,物理學系,物理學系,博士,博士班,男,14
111-2,理工學院,物理學系,物理學系,學士,學士班,女,54
111-2,理工學院,物理學系,物理學系,學士,學士班,男,173
111-2,理工學院,物理學系,物理學系,碩士,碩士班,女,3
111-2,理工學院,物理學系,物理學系,碩士,碩士班,男,9
111-2,理工學院,生化暨分子醫學科學系,生命科學系,博士,博士班,女,3
111-2,理工學院,生化暨分子醫學科學系,生命科學系,博士,博士班,男,5
111-2,理工學院,生化暨分子醫學科學系,生命科學系,學士,學士班,女,77
111-2,理工學院,生化暨分子醫學科學系,生命科學系,學士,學士班,男,91
111-2,理工學院,生化暨分子醫學科學系,生命科學系,碩士,碩士班,女,5
111-2,理工學院,生化暨分子醫學科學系,生命科學系,碩士,碩士班,男,8
111-2,理工學院,資訊工程學系,資訊工程學系,博士,博士班,女,2
111-2,理工學院,資訊工程學系,資訊工程學系,博士,博士班,男,10
111-2,理工學院,資訊工程學系,資訊工程學系,學士,學士班,女,139
111-2,理工學院,資訊工程學系,資訊工程學系,學士,學士班,男,324
111-2,理工學院,資訊工程學系,資訊工程學系,碩士,碩士在職專班,女,1
111-2,理工學院,資訊工程學系,資訊工程學系,碩士,碩士在職專班,男,5
111-2,理工學院,資訊工程學系,資訊工程學系,碩士,碩士班,女,29
111-2,理工學院,資訊工程學系,資訊工程學系,碩士,碩士班,男,81
111-2,理工學院,電機工程學系,電機工程學系,博士,博士班,女,1
111-2,理工學院,電機工程學系,電機工程學系,博士,博士班,男,6
111-2,理工學院,電機工程學系,電機工程學系,學士,學士班,女,39
111-2,理工學院,電機工程學系,電機工程學系,學士,學士班,男,199
111-2,理工學院,電機工程學系,電機工程學系,碩士,碩士班,女,1
111-2,理工學院,電機工程學系,電機工程學系,碩士,碩士班,男,37
111-2,環境暨海洋學院,人文與環境碩士學位學程,人文與環境碩士學位學程,碩士,碩士班,女,5
111-2,環境暨海洋學院,人文與環境碩士學位學程,人文與環境碩士學位學程,碩士,碩士班,男,2
111-2,環境暨海洋學院,海洋生物研究所,海洋生物研究所,博士,博士班,女,2
111-2,環境暨海洋學院,海洋生物研究所,海洋生物研究所,博士,博士班,男,3
111-2,環境暨海洋學院,海洋生物研究所,海洋生物研究所,碩士,碩士班,女,11
111-2,環境暨海洋學院,海洋生物研究所,海洋生物研究所,碩士,碩士班,男,15
111-2,環境暨海洋學院,自然資源與環境學系,自然資源與環境學系,博士,博士班,女,10
111-2,環境暨海洋學院,自然資源與環境學系,自然資源與環境學系,博士,博士班,男,21
111-2,環境暨海洋學院,自然資源與環境學系,自然資源與環境學系,學士,學士班,女,90
111-2,環境暨海洋學院,自然資源與環境學系,自然資源與環境學系,學士,學士班,男,118
111-2,環境暨海洋學院,自然資源與環境學系,自然資源與環境學系,碩士,碩士班,女,25
111-2,環境暨海洋學院,自然資源與環境學系,自然資源與環境學系,碩士,碩士班,男,35
111-2,管理學院,企業管理學系,企業管理學系,博士,博士班,女,15
111-2,管理學院,企業管理學系,企業管理學系,博士,博士班,男,33
111-2,管理學院,企業管理學系,企業管理學系,學士,學士班,女,112
111-2,管理學院,企業管理學系,企業管理學系,學士,學士班,男,107
111-2,管理學院,企業管理學系,企業管理學系,碩士,碩士在職專班,女,18
111-2,管理學院,企業管理學系,企業管理學系,碩士,碩士在職專班,男,22
111-2,管理學院,企業管理學系,企業管理學系,碩士,碩士班,女,39
111-2,管理學院,企業管理學系,企業管理學系,碩士,碩士班,男,26
111-2,管理學院,國際企業學系,國際企業學系,學士,學士班,女,146
111-2,管理學院,國際企業學系,國際企業學系,學士,學士班,男,73
111-2,管理學院,國際企業學系,國際企業學系,碩士,碩士在職專班,女,11
111-2,管理學院,國際企業學系,國際企業學系,碩士,碩士在職專班,男,21
111-2,管理學院,國際企業學系,國際企業學系,碩士,碩士班,女,29
111-2,管理學院,國際企業學系,國際企業學系,碩士,碩士班,男,11
111-2,管理學院,會計學系,會計學系,學士,學士班,女,135
111-2,管理學院,會計學系,會計學系,學士,學士班,男,105
111-2,管理學院,會計學系,會計學系(108新增),碩士,碩士班,女,16
111-2,管理學院,會計學系,會計學系(108新增),碩士,碩士班,男,10
111-2,管理學院,管理學院管理科學與財金國際學士學位學程,管理學院管理科學與財金國際學士學位學程,學士,學士班,女,51
111-2,管理學院,管理學院管理科學與財金國際學士學位學程,管理學院管理科學與財金國際學士學位學程,學士,學士班,男,42
111-2,管理學院,管理學院高階經營管理碩士在職專班,管理學院高階經營管理碩士在職專班,碩士,碩士在職專班,女,28
111-2,管理學院,管理學院高階經營管理碩士在職專班,管理學院高階經營管理碩士在職專班,碩士,碩士在職專班,男,20
111-2,管理學院,觀光暨休閒遊憩學系,觀光暨休閒遊憩學系,學士,學士班,女,126
111-2,管理學院,觀光暨休閒遊憩學系,觀光暨休閒遊憩學系,學士,學士班,男,74
111-2,管理學院,觀光暨休閒遊憩學系,觀光暨休閒遊憩學系,碩士,碩士班,女,21
111-2,管理學院,觀光暨休閒遊憩學系,觀光暨休閒遊憩學系,碩士,碩士班,男,5
111-2,管理學院,財務金融學系,財務金融學系,學士,學士班,女,115
111-2,管理學院,財務金融學系,財務金融學系,學士,學士班,男,142
111-2,管理學院,財務金融學系,財務金融學系,碩士,碩士班,女,20
111-2,管理學院,財務金融學系,財務金融學系,碩士,碩士班,男,20
111-2,管理學院,資訊管理學系,資訊管理學系,學士,學士班,女,103
111-2,管理學院,資訊管理學系,資訊管理學系,學士,學士班,男,125
111-2,管理學院,資訊管理學系,資訊管理學系(107新增),碩士,碩士班,女,11
111-2,管理學院,資訊管理學系,資訊管理學系(107新增),碩士,碩士班,男,15
111-2,管理學院,資訊管理學系,資訊管理碩士學位學程(107年起停招),碩士,碩士班,女,0
111-2,管理學院,資訊管理學系,資訊管理碩士學位學程(107年起停招),碩士,碩士班,男,1
111-2,管理學院,運籌管理研究所,運籌管理研究所,碩士,碩士班,女,15
111-2,管理學院,運籌管理研究所,運籌管理研究所,碩士,碩士班,男,8
111-2,花師教育學院,幼兒教育學系,幼兒教育學系,學士,學士班,女,175
111-2,花師教育學院,幼兒教育學系,幼兒教育學系,學士,學士班,男,23
111-2,花師教育學院,幼兒教育學系,幼兒教育學系,碩士,碩士在職專班,女,29
111-2,花師教育學院,幼兒教育學系,幼兒教育學系,碩士,碩士在職專班,男,2
111-2,花師教育學院,幼兒教育學系,幼兒教育學系,碩士,碩士班,女,14
111-2,花師教育學院,幼兒教育學系,幼兒教育學系,碩士,碩士班,男,2
111-2,花師教育學院,教育與潛能開發學系,教育與潛能開發學系,博士,博士班,女,71
111-2,花師教育學院,教育與潛能開發學系,教育與潛能開發學系,博士,博士班,男,70
111-2,花師教育學院,教育與潛能開發學系,教育與潛能開發學系,學士,學士班,女,122
111-2,花師教育學院,教育與潛能開發學系,教育與潛能開發學系,學士,學士班,男,66
111-2,花師教育學院,教育與潛能開發學系,教育與潛能開發學系,碩士,碩士在職專班,女,56
111-2,花師教育學院,教育與潛能開發學系,教育與潛能開發學系,碩士,碩士在職專班,男,20
111-2,花師教育學院,教育與潛能開發學系,教育與潛能開發學系,碩士,碩士班,女,65
111-2,花師教育學院,教育與潛能開發學系,教育與潛能開發學系,碩士,碩士班,男,32
111-2,花師教育學院,教育行政與管理學系,教育行政與管理學系,學士,學士班,女,100
111-2,花師教育學院,教育行政與管理學系,教育行政與管理學系,學士,學士班,男,63
111-2,花師教育學院,教育行政與管理學系,教育行政與管理學系,碩士,碩士在職專班,女,67
111-2,花師教育學院,教育行政與管理學系,教育行政與管理學系,碩士,碩士在職專班,男,26
111-2,花師教育學院,教育行政與管理學系,教育行政與管理學系,碩士,碩士班,女,16
111-2,花師教育學院,教育行政與管理學系,教育行政與管理學系,碩士,碩士班,男,12
111-2,花師教育學院,特殊教育學系,特殊教育學系,學士,學士班,女,124
111-2,花師教育學院,特殊教育學系,特殊教育學系,學士,學士班,男,29
111-2,花師教育學院,特殊教育學系,特殊教育學系,碩士,碩士班,女,21
111-2,花師教育學院,特殊教育學系,特殊教育學系,碩士,碩士班,男,2
111-2,花師教育學院,體育與運動科學系,體育與運動科學系,學士,學士班,女,49
111-2,花師教育學院,體育與運動科學系,體育與運動科學系,學士,學士班,男,131
111-2,花師教育學院,體育與運動科學系,體育與運動科學系,碩士,碩士在職專班,女,16
111-2,花師教育學院,體育與運動科學系,體育與運動科學系,碩士,碩士在職專班,男,20
111-2,花師教育學院,體育與運動科學系,體育與運動科學系,碩士,碩士班,女,10
111-2,花師教育學院,體育與運動科學系,體育與運動科學系,碩士,碩士班,男,15
111-2,藝術學院,藝術創意產業學系,藝術創意產業學系,學士,學士班,女,186
111-2,藝術學院,藝術創意產業學系,藝術創意產業學系,學士,學士班,男,31
111-2,藝術學院,藝術創意產業學系,藝術創意產業學系,碩士,碩士在職專班,女,16
111-2,藝術學院,藝術創意產業學系,藝術創意產業學系,碩士,碩士在職專班,男,10
111-2,藝術學院,藝術創意產業學系,藝術創意產業學系,碩士,碩士班,女,27
111-2,藝術學院,藝術創意產業學系,藝術創意產業學系,碩士,碩士班,男,12
111-2,藝術學院,藝術與設計學系,藝術與設計學系,學士,學士班,女,179
111-2,藝術學院,藝術與設計學系,藝術與設計學系,學士,學士班,男,41
111-2,藝術學院,藝術與設計學系,藝術與設計學系,碩士,碩士班,女,30
111-2,藝術學院,藝術與設計學系,藝術與設計學系,碩士,碩士班,男,15
111-2,藝術學院,音樂學系,音樂學系,學士,學士班,女,52
111-2,藝術學院,音樂學系,音樂學系,學士,學士班,男,33
111-2,藝術學院,音樂學系,音樂學系,碩士,碩士班,女,17
111-2,藝術學院,音樂學系,音樂學系,碩士,碩士班,男,16
112-1,人文社會科學學院,中國語文學系,中國語文學系,博士,博士班,女,17
112-1,人文社會科學學院,中國語文學系,中國語文學系,博士,博士班,男,17
112-1,人文社會科學學院,中國語文學系,中國語文學系,學士,學士班,女,124
112-1,人文社會科學學院,中國語文學系,中國語文學系,學士,學士班,男,68
112-1,人文社會科學學院,中國語文學系,中國語文學系,碩士,碩士在職專班,女,1
112-1,人文社會科學學院,中國語文學系,中國語文學系,碩士,碩士在職專班,男,0
112-1,人文社會科學學院,中國語文學系,中國語文學系,碩士,碩士班,女,16
112-1,人文社會科學學院,中國語文學系,中國語文學系,碩士,碩士班,男,8
112-1,人文社會科學學院,人文社會科學學院亞太區域研究博士班,人文社會科學學院亞太區域研究博士班(109新增),博士,博士班,女,6
112-1,人文社會科學學院,人文社會科學學院亞太區域研究博士班,人文社會科學學院亞太區域研究博士班(109新增),博士,博士班,男,21
112-1,人文社會科學學院,人文社會科學學院華語文教學國際博士班,人文社會科學學院華語文教學國際博士班(108新增),博士,博士班,女,5
112-1,人文社會科學學院,人文社會科學學院華語文教學國際博士班,人文社會科學學院華語文教學國際博士班(108新增),博士,博士班,男,1
112-1,人文社會科學學院,人文社會科學學院華語文教學暨書法國際碩士班,人文社會科學學院華語文教學暨書法國際碩士班(111新增),碩士,碩士班,女,4
112-1,人文社會科學學院,人文社會科學學院華語文教學暨書法國際碩士班,人文社會科學學院華語文教學暨書法國際碩士班(111新增),碩士,碩士班,男,2
112-1,人文社會科學學院,公共行政學系,公共行政學系,學士,學士班,女,91
112-1,人文社會科學學院,公共行政學系,公共行政學系,學士,學士班,男,76
112-1,人文社會科學學院,公共行政學系,公共行政學系,碩士,碩士在職專班,女,12
112-1,人文社會科學學院,公共行政學系,公共行政學系,碩士,碩士在職專班,男,20
112-1,人文社會科學學院,公共行政學系,公共行政學系,碩士,碩士班,女,12
112-1,人文社會科學學院,公共行政學系,公共行政學系,碩士,碩士班,男,8
112-1,人文社會科學學院,歷史學系,歷史學系,學士,學士班,女,96
112-1,人文社會科學學院,歷史學系,歷史學系,學士,學士班,男,127
112-1,人文社會科學學院,歷史學系,歷史學系,碩士,碩士班,女,2
112-1,人文社會科學學院,歷史學系,歷史學系,碩士,碩士班,男,11
112-1,人文社會科學學院,法律學系,法律學士學位學程(108年起停招),學士,學士班,女,0
112-1,人文社會科學學院,法律學系,法律學士學位學程(108年起停招),學士,學士班,男,1
112-1,人文社會科學學院,法律學系,法律學士學位學程原住民專班(108年起停招),學士,學士班,女,2
112-1,人文社會科學學院,法律學系,法律學士學位學程原住民專班(108年起停招),學士,學士班,男,0
112-1,人文社會科學學院,法律學系,法律學系(108新增),學士,學士班,女,78
112-1,人文社會科學學院,法律學系,法律學系(108新增),學士,學士班,男,47
112-1,人文社會科學學院,法律學系,法律學系(109新增),碩士,碩士班,女,18
112-1,人文社會科學學院,法律學系,法律學系(109新增),碩士,碩士班,男,27
112-1,人文社會科學學院,法律學系,法律學系原住民專班(108新增),學士,學士班,女,49
112-1,人文社會科學學院,法律學系,法律學系原住民專班(108新增),學士,學士班,男,23
112-1,人文社會科學學院,社會學系,社會學系,學士,學士班,女,120
112-1,人文社會科學學院,社會學系,社會學系,學士,學士班,男,61
112-1,人文社會科學學院,社會學系,社會學系,碩士,碩士班,女,14
112-1,人文社會科學學院,社會學系,社會學系,碩士,碩士班,男,9
112-1,人文社會科學學院,經濟學系,經濟學系,博士,博士班,女,5
112-1,人文社會科學學院,經濟學系,經濟學系,博士,博士班,男,3
112-1,人文社會科學學院,經濟學系,經濟學系,學士,學士班,女,93
112-1,人文社會科學學院,經濟學系,經濟學系,學士,學士班,男,114
112-1,人文社會科學學院,經濟學系,經濟學系,碩士,碩士班,女,6
112-1,人文社會科學學院,經濟學系,經濟學系,碩士,碩士班,男,10
112-1,人文社會科學學院,臺灣文化學系,臺灣文化學系,學士,學士班,女,66
112-1,人文社會科學學院,臺灣文化學系,臺灣文化學系,學士,學士班,男,106
112-1,人文社會科學學院,臺灣文化學系,臺灣文化學系,碩士,碩士在職專班,女,1
112-1,人文社會科學學院,臺灣文化學系,臺灣文化學系,碩士,碩士在職專班,男,1
112-1,人文社會科學學院,臺灣文化學系,臺灣文化學系,碩士,碩士班,女,15
112-1,人文社會科學學院,臺灣文化學系,臺灣文化學系,碩士,碩士班,男,17
112-1,人文社會科學學院,英美語文學系,英美語文學系,學士,學士班,女,131
112-1,人文社會科學學院,英美語文學系,英美語文學系,學士,學士班,男,87
112-1,人文社會科學學院,英美語文學系,英美語文學系,碩士,碩士班,女,24
112-1,人文社會科學學院,英美語文學系,英美語文學系,碩士,碩士班,男,14
112-1,人文社會科學學院,華文文學系,華文文學系,學士,學士班,女,159
112-1,人文社會科學學院,華文文學系,華文文學系,學士,學士班,男,54
112-1,人文社會科學學院,華文文學系,華文文學系,碩士,碩士班,女,30
112-1,人文社會科學學院,華文文學系,華文文學系,碩士,碩士班,男,12
112-1,人文社會科學學院,諮商與臨床心理學系,諮商與臨床心理學系,學士,學士班,女,171
112-1,人文社會科學學院,諮商與臨床心理學系,諮商與臨床心理學系,學士,學士班,男,66
112-1,人文社會科學學院,諮商與臨床心理學系,諮商與臨床心理學系,碩士,碩士班,女,103
112-1,人文社會科學學院,諮商與臨床心理學系,諮商與臨床心理學系,碩士,碩士班,男,46
112-1,原住民民族學院,原住民族樂舞與藝術學士學位學程,原住民族樂舞與藝術學士學位學程(108新增),學士,學士班,女,36
112-1,原住民民族學院,原住民族樂舞與藝術學士學位學程,原住民族樂舞與藝術學士學位學程(108新增),學士,學士班,男,24
112-1,原住民民族學院,原住民民族學院原住民族研究國際博士班,原住民民族學院原住民族研究國際博士班(112新增),博士,博士班,女,2
112-1,原住民民族學院,原住民民族學院原住民族研究國際博士班,原住民民族學院原住民族研究國際博士班(112新增),博士,博士班,男,0
112-1,原住民民族學院,族群關係與文化學系,族群關係與文化學系,博士,博士班,女,9
112-1,原住民民族學院,族群關係與文化學系,族群關係與文化學系,博士,博士班,男,15
112-1,原住民民族學院,族群關係與文化學系,族群關係與文化學系,學士,學士班,女,87
112-1,原住民民族學院,族群關係與文化學系,族群關係與文化學系,學士,學士班,男,61
112-1,原住民民族學院,族群關係與文化學系,族群關係與文化學系,碩士,碩士在職專班,女,10
112-1,原住民民族學院,族群關係與文化學系,族群關係與文化學系,碩士,碩士在職專班,男,5
112-1,原住民民族學院,族群關係與文化學系,族群關係與文化學系,碩士,碩士班,女,19
112-1,原住民民族學院,族群關係與文化學系,族群關係與文化學系,碩士,碩士班,男,8
112-1,原住民民族學院,民族發展與社會工作學系,民族事務與發展學系,學士,學士班,女,54
112-1,原住民民族學院,民族發展與社會工作學系,民族事務與發展學系,學士,學士班,男,28
112-1,原住民民族學院,民族發展與社會工作學系,民族事務與發展學系,碩士,碩士在職專班,女,46
112-1,原住民民族學院,民族發展與社會工作學系,民族事務與發展學系,碩士,碩士在職專班,男,14
112-1,原住民民族學院,民族發展與社會工作學系,民族事務與發展學系,碩士,碩士班,女,14
112-1,原住民民族學院,民族發展與社會工作學系,民族事務與發展學系,碩士,碩士班,男,11
112-1,原住民民族學院,民族發展與社會工作學系,民族社會工作學士學位學程,學士,學士班,女,80
112-1,原住民民族學院,民族發展與社會工作學系,民族社會工作學士學位學程,學士,學士班,男,35
112-1,原住民民族學院,民族語言與傳播學系,民族語言與傳播學系,學士,學士班,女,102
112-1,原住民民族學院,民族語言與傳播學系,民族語言與傳播學系,學士,學士班,男,65
112-1,洄瀾學院,縱谷跨域書院學士學位學程,縱谷跨域書院學士學位學程(111新增),學士,學士班,女,34
112-1,洄瀾學院,縱谷跨域書院學士學位學程,縱谷跨域書院學士學位學程(111新增),學士,學士班,男,25
112-1,理工學院,光電工程學系,光電工程學系,學士,學士班,女,39
112-1,理工學院,光電工程學系,光電工程學系,學士,學士班,男,158
112-1,理工學院,光電工程學系,光電工程學系,碩士,碩士班,女,6
112-1,理工學院,光電工程學系,光電工程學系,碩士,碩士班,男,28
112-1,理工學院,化學系,化學系,博士,博士班,女,8
112-1,理工學院,化學系,化學系,博士,博士班,男,4
112-1,理工學院,化學系,化學系,學士,學士班,女,99
112-1,理工學院,化學系,化學系,學士,學士班,男,109
112-1,理工學院,化學系,化學系,碩士,碩士班,女,7
112-1,理工學院,化學系,化學系,碩士,碩士班,男,21
112-1,理工學院,應用數學系,應用數學系,博士,博士班,女,0
112-1,理工學院,應用數學系,應用數學系,博士,博士班,男,5
112-1,理工學院,應用數學系,應用數學系,學士,學士班,女,80
112-1,理工學院,應用數學系,應用數學系,學士,學士班,男,212
112-1,理工學院,應用數學系,應用數學系,碩士,碩士班,女,9
112-1,理工學院,應用數學系,應用數學系,碩士,碩士班,男,20
112-1,理工學院,材料科學與工程學系,材料科學與工程學系,博士,博士班,女,2
112-1,理工學院,材料科學與工程學系,材料科學與工程學系,博士,博士班,男,5
112-1,理工學院,材料科學與工程學系,材料科學與工程學系,學士,學士班,女,91
112-1,理工學院,材料科學與工程學系,材料科學與工程學系,學士,學士班,男,153
112-1,理工學院,材料科學與工程學系,材料科學與工程學系,碩士,碩士班,女,7
112-1,理工學院,材料科學與工程學系,材料科學與工程學系,碩士,碩士班,男,17
112-1,理工學院,物理學系,物理學系,博士,博士班,女,11
112-1,理工學院,物理學系,物理學系,博士,博士班,男,15
112-1,理工學院,物理學系,物理學系,學士,學士班,女,59
112-1,理工學院,物理學系,物理學系,學士,學士班,男,186
112-1,理工學院,物理學系,物理學系,碩士,碩士班,女,3
112-1,理工學院,物理學系,物理學系,碩士,碩士班,男,10
112-1,理工學院,生化暨分子醫學科學系,生命科學系,博士,博士班,女,3
112-1,理工學院,生化暨分子醫學科學系,生命科學系,博士,博士班,男,4
112-1,理工學院,生化暨分子醫學科學系,生命科學系,學士,學士班,女,85
112-1,理工學院,生化暨分子醫學科學系,生命科學系,學士,學士班,男,92
112-1,理工學院,生化暨分子醫學科學系,生命科學系,碩士,碩士班,女,5
112-1,理工學院,生化暨分子醫學科學系,生命科學系,碩士,碩士班,男,11
112-1,理工學院,資訊工程學系,資訊工程學系,博士,博士班,女,3
112-1,理工學院,資訊工程學系,資訊工程學系,博士,博士班,男,10
112-1,理工學院,資訊工程學系,資訊工程學系,學士,學士班,女,169
112-1,理工學院,資訊工程學系,資訊工程學系,學士,學士班,男,367
112-1,理工學院,資訊工程學系,資訊工程學系,碩士,碩士在職專班,女,2
112-1,理工學院,資訊工程學系,資訊工程學系,碩士,碩士在職專班,男,6
112-1,理工學院,資訊工程學系,資訊工程學系,碩士,碩士班,女,34
112-1,理工學院,資訊工程學系,資訊工程學系,碩士,碩士班,男,95
112-1,理工學院,電機工程學系,電機工程學系,博士,博士班,女,1
112-1,理工學院,電機工程學系,電機工程學系,博士,博士班,男,7
112-1,理工學院,電機工程學系,電機工程學系,學士,學士班,女,63
112-1,理工學院,電機工程學系,電機工程學系,學士,學士班,男,204
112-1,理工學院,電機工程學系,電機工程學系,碩士,碩士在職專班,女,0
112-1,理工學院,電機工程學系,電機工程學系,碩士,碩士在職專班,男,1
112-1,理工學院,電機工程學系,電機工程學系,碩士,碩士班,女,4
112-1,理工學院,電機工程學系,電機工程學系,碩士,碩士班,男,38
112-1,環境暨海洋學院,人文與環境碩士學位學程,人文與環境碩士學位學程,碩士,碩士班,女,5
112-1,環境暨海洋學院,人文與環境碩士學位學程,人文與環境碩士學位學程,碩士,碩士班,男,2
112-1,環境暨海洋學院,海洋生物研究所,海洋生物研究所,博士,博士班,女,2
112-1,環境暨海洋學院,海洋生物研究所,海洋生物研究所,博士,博士班,男,2
112-1,環境暨海洋學院,海洋生物研究所,海洋生物研究所,碩士,碩士班,女,8
112-1,環境暨海洋學院,海洋生物研究所,海洋生物研究所,碩士,碩士班,男,11
112-1,環境暨海洋學院,自然資源與環境學系,自然資源與環境學系,博士,博士班,女,9
112-1,環境暨海洋學院,自然資源與環境學系,自然資源與環境學系,博士,博士班,男,21
112-1,環境暨海洋學院,自然資源與環境學系,自然資源與環境學系,學士,學士班,女,92
112-1,環境暨海洋學院,自然資源與環境學系,自然資源與環境學系,學士,學士班,男,129
112-1,環境暨海洋學院,自然資源與環境學系,自然資源與環境學系,碩士,碩士班,女,27
112-1,環境暨海洋學院,自然資源與環境學系,自然資源與環境學系,碩士,碩士班,男,39
112-1,管理學院,企業管理學系,企業管理學系,博士,博士班,女,18
112-1,管理學院,企業管理學系,企業管理學系,博士,博士班,男,29
112-1,管理學院,企業管理學系,企業管理學系,學士,學士班,女,129
112-1,管理學院,企業管理學系,企業管理學系,學士,學士班,男,108
112-1,管理學院,企業管理學系,企業管理學系,碩士,碩士在職專班,女,23
112-1,管理學院,企業管理學系,企業管理學系,碩士,碩士在職專班,男,24
112-1,管理學院,企業管理學系,企業管理學系,碩士,碩士班,女,46
112-1,管理學院,企業管理學系,企業管理學系,碩士,碩士班,男,24
112-1,管理學院,國際企業學系,國際企業學系,學士,學士班,女,147
112-1,管理學院,國際企業學系,國際企業學系,學士,學士班,男,80
112-1,管理學院,國際企業學系,國際企業學系,碩士,碩士在職專班,女,4
112-1,管理學院,國際企業學系,國際企業學系,碩士,碩士在職專班,男,11
112-1,管理學院,國際企業學系,國際企業學系,碩士,碩士班,女,29
112-1,管理學院,國際企業學系,國際企業學系,碩士,碩士班,男,12
112-1,管理學院,會計學系,會計學系,學士,學士班,女,137
112-1,管理學院,會計學系,會計學系,學士,學士班,男,103
112-1,管理學院,會計學系,會計學系(108新增),碩士,碩士班,女,17
112-1,管理學院,會計學系,會計學系(108新增),碩士,碩士班,男,7
112-1,管理學院,管理學院會計與資訊管理國際學士班,管理學院會計與資訊管理國際學士班(112新),學士,學士班,女,14
112-1,管理學院,管理學院會計與資訊管理國際學士班,管理學院會計與資訊管理國際學士班(112新),學士,學士班,男,6
112-1,管理學院,管理學院管理科學與財金國際學士學位學程,管理學院管理科學與財金國際學士學位學程,學士,學士班,女,60
112-1,管理學院,管理學院管理科學與財金國際學士學位學程,管理學院管理科學與財金國際學士學位學程,學士,學士班,男,40
112-1,管理學院,管理學院高階經營管理碩士在職專班,管理學院高階經營管理碩士在職專班,碩士,碩士在職專班,女,32
112-1,管理學院,管理學院高階經營管理碩士在職專班,管理學院高階經營管理碩士在職專班,碩士,碩士在職專班,男,25
112-1,管理學院,觀光暨休閒遊憩學系,觀光暨休閒遊憩學系,學士,學士班,女,124
112-1,管理學院,觀光暨休閒遊憩學系,觀光暨休閒遊憩學系,學士,學士班,男,82
112-1,管理學院,觀光暨休閒遊憩學系,觀光暨休閒遊憩學系,碩士,碩士班,女,24
112-1,管理學院,觀光暨休閒遊憩學系,觀光暨休閒遊憩學系,碩士,碩士班,男,9
112-1,管理學院,財務金融學系,財務金融學系,學士,學士班,女,119
112-1,管理學院,財務金融學系,財務金融學系,學士,學士班,男,147
112-1,管理學院,財務金融學系,財務金融學系,碩士,碩士班,女,19
112-1,管理學院,財務金融學系,財務金融學系,碩士,碩士班,男,27
112-1,管理學院,資訊管理學系,資訊管理學系,學士,學士班,女,112
112-1,管理學院,資訊管理學系,資訊管理學系,學士,學士班,男,136
112-1,管理學院,資訊管理學系,資訊管理學系(107新增),碩士,碩士班,女,12
112-1,管理學院,資訊管理學系,資訊管理學系(107新增),碩士,碩士班,男,16
112-1,管理學院,資訊管理學系,資訊管理碩士學位學程(107年起停招),碩士,碩士班,女,0
112-1,管理學院,資訊管理學系,資訊管理碩士學位學程(107年起停招),碩士,碩士班,男,1
112-1,管理學院,運籌管理研究所,運籌管理研究所,碩士,碩士班,女,17
112-1,管理學院,運籌管理研究所,運籌管理研究所,碩士,碩士班,男,8
112-1,花師教育學院,幼兒教育學系,幼兒教育學系,學士,學士班,女,138
112-1,花師教育學院,幼兒教育學系,幼兒教育學系,學士,學士班,男,21
112-1,花師教育學院,幼兒教育學系,幼兒教育學系,碩士,碩士在職專班,女,26
112-1,花師教育學院,幼兒教育學系,幼兒教育學系,碩士,碩士在職專班,男,1
112-1,花師教育學院,幼兒教育學系,幼兒教育學系,碩士,碩士班,女,14
112-1,花師教育學院,幼兒教育學系,幼兒教育學系,碩士,碩士班,男,2
112-1,花師教育學院,教育與潛能開發學系,教育與潛能開發學系,博士,博士班,女,78
112-1,花師教育學院,教育與潛能開發學系,教育與潛能開發學系,博士,博士班,男,74
112-1,花師教育學院,教育與潛能開發學系,教育與潛能開發學系,學士,學士班,女,124
112-1,花師教育學院,教育與潛能開發學系,教育與潛能開發學系,學士,學士班,男,64
112-1,花師教育學院,教育與潛能開發學系,教育與潛能開發學系,碩士,碩士在職專班,女,59
112-1,花師教育學院,教育與潛能開發學系,教育與潛能開發學系,碩士,碩士在職專班,男,19
112-1,花師教育學院,教育與潛能開發學系,教育與潛能開發學系,碩士,碩士班,女,54
112-1,花師教育學院,教育與潛能開發學系,教育與潛能開發學系,碩士,碩士班,男,35
112-1,花師教育學院,教育行政與管理學系,教育行政與管理學系,學士,學士班,女,111
112-1,花師教育學院,教育行政與管理學系,教育行政與管理學系,學士,學士班,男,64
112-1,花師教育學院,教育行政與管理學系,教育行政與管理學系,碩士,碩士在職專班,女,70
112-1,花師教育學院,教育行政與管理學系,教育行政與管理學系,碩士,碩士在職專班,男,30
112-1,花師教育學院,教育行政與管理學系,教育行政與管理學系,碩士,碩士班,女,15
112-1,花師教育學院,教育行政與管理學系,教育行政與管理學系,碩士,碩士班,男,11
112-1,花師教育學院,特殊教育學系,特殊教育學系,學士,學士班,女,115
112-1,花師教育學院,特殊教育學系,特殊教育學系,學士,學士班,男,26
112-1,花師教育學院,特殊教育學系,特殊教育學系,碩士,碩士班,女,20
112-1,花師教育學院,特殊教育學系,特殊教育學系,碩士,碩士班,男,1
112-1,花師教育學院,體育與運動科學系,體育與運動科學系,學士,學士班,女,51
112-1,花師教育學院,體育與運動科學系,體育與運動科學系,學士,學士班,男,141
112-1,花師教育學院,體育與運動科學系,體育與運動科學系,碩士,碩士在職專班,女,26
112-1,花師教育學院,體育與運動科學系,體育與運動科學系,碩士,碩士在職專班,男,20
112-1,花師教育學院,體育與運動科學系,體育與運動科學系,碩士,碩士班,女,14
112-1,花師教育學院,體育與運動科學系,體育與運動科學系,碩士,碩士班,男,16
112-1,藝術學院,藝術創意產業學系,藝術創意產業學系,學士,學士班,女,188
112-1,藝術學院,藝術創意產業學系,藝術創意產業學系,學士,學士班,男,37
112-1,藝術學院,藝術創意產業學系,藝術創意產業學系,碩士,碩士在職專班,女,14
112-1,藝術學院,藝術創意產業學系,藝術創意產業學系,碩士,碩士在職專班,男,9
112-1,藝術學院,藝術創意產業學系,藝術創意產業學系,碩士,碩士班,女,37
112-1,藝術學院,藝術創意產業學系,藝術創意產業學系,碩士,碩士班,男,13
112-1,藝術學院,藝術與設計學系,藝術與設計學系,學士,學士班,女,185
112-1,藝術學院,藝術與設計學系,藝術與設計學系,學士,學士班,男,54
112-1,藝術學院,藝術與設計學系,藝術與設計學系,碩士,碩士班,女,37
112-1,藝術學院,藝術與設計學系,藝術與設計學系,碩士,碩士班,男,12
112-1,藝術學院,音樂學系,音樂學系,學士,學士班,女,46
112-1,藝術學院,音樂學系,音樂學系,學士,學士班,男,38
112-1,藝術學院,音樂學系,音樂學系,碩士,碩士班,女,16
112-1,藝術學院,音樂學系,音樂學系,碩士,碩士班,男,19
112-2,人文社會科學學院,中國語文學系,中國語文學系,博士,博士班,女,18
112-2,人文社會科學學院,中國語文學系,中國語文學系,博士,博士班,男,14
112-2,人文社會科學學院,中國語文學系,中國語文學系,學士,學士班,女,118
112-2,人文社會科學學院,中國語文學系,中國語文學系,學士,學士班,男,62
112-2,人文社會科學學院,中國語文學系,中國語文學系,碩士,碩士在職專班,女,1
112-2,人文社會科學學院,中國語文學系,中國語文學系,碩士,碩士在職專班,男,0
112-2,人文社會科學學院,中國語文學系,中國語文學系,碩士,碩士班,女,15
112-2,人文社會科學學院,中國語文學系,中國語文學系,碩士,碩士班,男,6
112-2,人文社會科學學院,人文社會科學學院亞太區域研究博士班,人文社會科學學院亞太區域研究博士班(109新增),博士,博士班,女,6
112-2,人文社會科學學院,人文社會科學學院亞太區域研究博士班,人文社會科學學院亞太區域研究博士班(109新增),博士,博士班,男,22
112-2,人文社會科學學院,人文社會科學學院華語文教學國際博士班,人文社會科學學院華語文教學國際博士班(108新增),博士,博士班,女,4
112-2,人文社會科學學院,人文社會科學學院華語文教學國際博士班,人文社會科學學院華語文教學國際博士班(108新增),博士,博士班,男,0
112-2,人文社會科學學院,人文社會科學學院華語文教學暨書法國際碩士班,人文社會科學學院華語文教學暨書法國際碩士班(111新增),碩士,碩士班,女,6
112-2,人文社會科學學院,人文社會科學學院華語文教學暨書法國際碩士班,人文社會科學學院華語文教學暨書法國際碩士班(111新增),碩士,碩士班,男,1
112-2,人文社會科學學院,公共行政學系,公共行政學系,學士,學士班,女,95
112-2,人文社會科學學院,公共行政學系,公共行政學系,學士,學士班,男,73
112-2,人文社會科學學院,公共行政學系,公共行政學系,碩士,碩士在職專班,女,11
112-2,人文社會科學學院,公共行政學系,公共行政學系,碩士,碩士在職專班,男,15
112-2,人文社會科學學院,公共行政學系,公共行政學系,碩士,碩士班,女,10
112-2,人文社會科學學院,公共行政學系,公共行政學系,碩士,碩士班,男,7
112-2,人文社會科學學院,歷史學系,歷史學系,學士,學士班,女,95
112-2,人文社會科學學院,歷史學系,歷史學系,學士,學士班,男,123
112-2,人文社會科學學院,歷史學系,歷史學系,碩士,碩士班,女,3
112-2,人文社會科學學院,歷史學系,歷史學系,碩士,碩士班,男,10
112-2,人文社會科學學院,法律學系,法律學士學位學程(108年起停招),學士,學士班,女,0
112-2,人文社會科學學院,法律學系,法律學士學位學程(108年起停招),學士,學士班,男,0
112-2,人文社會科學學院,法律學系,法律學士學位學程原住民專班(108年起停招),學士,學士班,女,2
112-2,人文社會科學學院,法律學系,法律學士學位學程原住民專班(108年起停招),學士,學士班,男,0
112-2,人文社會科學學院,法律學系,法律學系(108新增),學士,學士班,女,78
112-2,人文社會科學學院,法律學系,法律學系(108新增),學士,學士班,男,45
112-2,人文社會科學學院,法律學系,法律學系(109新增),碩士,碩士班,女,18
112-2,人文社會科學學院,法律學系,法律學系(109新增),碩士,碩士班,男,22
112-2,人文社會科學學院,法律學系,法律學系原住民專班(108新增),學士,學士班,女,49
112-2,人文社會科學學院,法律學系,法律學系原住民專班(108新增),學士,學士班,男,24
112-2,人文社會科學學院,社會學系,社會學系,學士,學士班,女,117
112-2,人文社會科學學院,社會學系,社會學系,學士,學士班,男,60
112-2,人文社會科學學院,社會學系,社會學系,碩士,碩士班,女,12
112-2,人文社會科學學院,社會學系,社會學系,碩士,碩士班,男,10
112-2,人文社會科學學院,經濟學系,經濟學系,博士,博士班,女,4
112-2,人文社會科學學院,經濟學系,經濟學系,博士,博士班,男,3
112-2,人文社會科學學院,經濟學系,經濟學系,學士,學士班,女,92
112-2,人文社會科學學院,經濟學系,經濟學系,學士,學士班,男,108
112-2,人文社會科學學院,經濟學系,經濟學系,碩士,碩士班,女,6
112-2,人文社會科學學院,經濟學系,經濟學系,碩士,碩士班,男,10
112-2,人文社會科學學院,臺灣文化學系,臺灣文化學系,學士,學士班,女,59
112-2,人文社會科學學院,臺灣文化學系,臺灣文化學系,學士,學士班,男,96
112-2,人文社會科學學院,臺灣文化學系,臺灣文化學系,碩士,碩士在職專班,女,1
112-2,人文社會科學學院,臺灣文化學系,臺灣文化學系,碩士,碩士在職專班,男,2
112-2,人文社會科學學院,臺灣文化學系,臺灣文化學系,碩士,碩士班,女,14
112-2,人文社會科學學院,臺灣文化學系,臺灣文化學系,碩士,碩士班,男,17
112-2,人文社會科學學院,英美語文學系,英美語文學系,學士,學士班,女,121
112-2,人文社會科學學院,英美語文學系,英美語文學系,學士,學士班,男,79
112-2,人文社會科學學院,英美語文學系,英美語文學系,碩士,碩士班,女,22
112-2,人文社會科學學院,英美語文學系,英美語文學系,碩士,碩士班,男,14
112-2,人文社會科學學院,華文文學系,華文文學系,學士,學士班,女,151
112-2,人文社會科學學院,華文文學系,華文文學系,學士,學士班,男,57
112-2,人文社會科學學院,華文文學系,華文文學系,碩士,碩士班,女,31
112-2,人文社會科學學院,華文文學系,華文文學系,碩士,碩士班,男,14
112-2,人文社會科學學院,諮商與臨床心理學系,諮商與臨床心理學系,學士,學士班,女,168
112-2,人文社會科學學院,諮商與臨床心理學系,諮商與臨床心理學系,學士,學士班,男,66
112-2,人文社會科學學院,諮商與臨床心理學系,諮商與臨床心理學系,碩士,碩士班,女,95
112-2,人文社會科學學院,諮商與臨床心理學系,諮商與臨床心理學系,碩士,碩士班,男,43
112-2,原住民民族學院,原住民族樂舞與藝術學士學位學程,原住民族樂舞與藝術學士學位學程(108新增),學士,學士班,女,32
112-2,原住民民族學院,原住民族樂舞與藝術學士學位學程,原住民族樂舞與藝術學士學位學程(108新增),學士,學士班,男,24
112-2,原住民民族學院,原住民民族學院原住民族研究國際博士班,原住民民族學院原住民族研究國際博士班(112新增),博士,博士班,女,2
112-2,原住民民族學院,原住民民族學院原住民族研究國際博士班,原住民民族學院原住民族研究國際博士班(112新增),博士,博士班,男,0
112-2,原住民民族學院,族群關係與文化學系,族群關係與文化學系,博士,博士班,女,12
112-2,原住民民族學院,族群關係與文化學系,族群關係與文化學系,博士,博士班,男,17
112-2,原住民民族學院,族群關係與文化學系,族群關係與文化學系,學士,學士班,女,75
112-2,原住民民族學院,族群關係與文化學系,族群關係與文化學系,學士,學士班,男,54
112-2,原住民民族學院,族群關係與文化學系,族群關係與文化學系,碩士,碩士在職專班,女,9
112-2,原住民民族學院,族群關係與文化學系,族群關係與文化學系,碩士,碩士在職專班,男,6
112-2,原住民民族學院,族群關係與文化學系,族群關係與文化學系,碩士,碩士班,女,17
112-2,原住民民族學院,族群關係與文化學系,族群關係與文化學系,碩士,碩士班,男,7
112-2,原住民民族學院,民族發展與社會工作學系,民族事務與發展學系,學士,學士班,女,49
112-2,原住民民族學院,民族發展與社會工作學系,民族事務與發展學系,學士,學士班,男,28
112-2,原住民民族學院,民族發展與社會工作學系,民族事務與發展學系,碩士,碩士在職專班,女,44
112-2,原住民民族學院,民族發展與社會工作學系,民族事務與發展學系,碩士,碩士在職專班,男,14
112-2,原住民民族學院,民族發展與社會工作學系,民族事務與發展學系,碩士,碩士班,女,12
112-2,原住民民族學院,民族發展與社會工作學系,民族事務與發展學系,碩士,碩士班,男,8
112-2,原住民民族學院,民族發展與社會工作學系,民族社會工作學士學位學程,學士,學士班,女,75
112-2,原住民民族學院,民族發展與社會工作學系,民族社會工作學士學位學程,學士,學士班,男,33
112-2,原住民民族學院,民族語言與傳播學系,民族語言與傳播學系,學士,學士班,女,95
112-2,原住民民族學院,民族語言與傳播學系,民族語言與傳播學系,學士,學士班,男,60
112-2,洄瀾學院,縱谷跨域書院學士學位學程,縱谷跨域書院學士學位學程(111新增),學士,學士班,女,29
112-2,洄瀾學院,縱谷跨域書院學士學位學程,縱谷跨域書院學士學位學程(111新增),學士,學士班,男,26
112-2,理工學院,光電工程學系,光電工程學系,學士,學士班,女,40
112-2,理工學院,光電工程學系,光電工程學系,學士,學士班,男,152
112-2,理工學院,光電工程學系,光電工程學系,碩士,碩士班,女,5
112-2,理工學院,光電工程學系,光電工程學系,碩士,碩士班,男,23
112-2,理工學院,化學系,化學系,博士,博士班,女,7
112-2,理工學院,化學系,化學系,博士,博士班,男,5
112-2,理工學院,化學系,化學系,學士,學士班,女,100
112-2,理工學院,化學系,化學系,學士,學士班,男,108
112-2,理工學院,化學系,化學系,碩士,碩士班,女,5
112-2,理工學院,化學系,化學系,碩士,碩士班,男,22
112-2,理工學院,應用數學系,應用數學系,博士,博士班,女,0
112-2,理工學院,應用數學系,應用數學系,博士,博士班,男,5
112-2,理工學院,應用數學系,應用數學系,學士,學士班,女,73
112-2,理工學院,應用數學系,應用數學系,學士,學士班,男,201
112-2,理工學院,應用數學系,應用數學系,碩士,碩士班,女,8
112-2,理工學院,應用數學系,應用數學系,碩士,碩士班,男,19
112-2,理工學院,材料科學與工程學系,材料科學與工程學系,博士,博士班,女,3
112-2,理工學院,材料科學與工程學系,材料科學與工程學系,博士,博士班,男,6
112-2,理工學院,材料科學與工程學系,材料科學與工程學系,學士,學士班,女,87
112-2,理工學院,材料科學與工程學系,材料科學與工程學系,學士,學士班,男,149
112-2,理工學院,材料科學與工程學系,材料科學與工程學系,碩士,碩士班,女,7
112-2,理工學院,材料科學與工程學系,材料科學與工程學系,碩士,碩士班,男,16
112-2,理工學院,物理學系,物理學系,博士,博士班,女,10
112-2,理工學院,物理學系,物理學系,博士,博士班,男,13
112-2,理工學院,物理學系,物理學系,學士,學士班,女,57
112-2,理工學院,物理學系,物理學系,學士,學士班,男,180
112-2,理工學院,物理學系,物理學系,碩士,碩士班,女,2
112-2,理工學院,物理學系,物理學系,碩士,碩士班,男,11
112-2,理工學院,生化暨分子醫學科學系,生命科學系,博士,博士班,女,3
112-2,理工學院,生化暨分子醫學科學系,生命科學系,博士,博士班,男,4
112-2,理工學院,生化暨分子醫學科學系,生命科學系,學士,學士班,女,80
112-2,理工學院,生化暨分子醫學科學系,生命科學系,學士,學士班,男,88
112-2,理工學院,生化暨分子醫學科學系,生命科學系,碩士,碩士班,女,5
112-2,理工學院,生化暨分子醫學科學系,生命科學系,碩士,碩士班,男,10
112-2,理工學院,資訊工程學系,資訊工程學系,博士,博士班,女,3
112-2,理工學院,資訊工程學系,資訊工程學系,博士,博士班,男,10
112-2,理工學院,資訊工程學系,資訊工程學系,學士,學士班,女,169
112-2,理工學院,資訊工程學系,資訊工程學系,學士,學士班,男,369
112-2,理工學院,資訊工程學系,資訊工程學系,碩士,碩士在職專班,女,0
112-2,理工學院,資訊工程學系,資訊工程學系,碩士,碩士在職專班,男,4
112-2,理工學院,資訊工程學系,資訊工程學系,碩士,碩士班,女,34
112-2,理工學院,資訊工程學系,資訊工程學系,碩士,碩士班,男,98
112-2,理工學院,電機工程學系,電機工程學系,博士,博士班,女,1
112-2,理工學院,電機工程學系,電機工程學系,博士,博士班,男,5
112-2,理工學院,電機工程學系,電機工程學系,學士,學士班,女,55
112-2,理工學院,電機工程學系,電機工程學系,學士,學士班,男,196
112-2,理工學院,電機工程學系,電機工程學系,碩士,碩士在職專班,女,0
112-2,理工學院,電機工程學系,電機工程學系,碩士,碩士在職專班,男,1
112-2,理工學院,電機工程學系,電機工程學系,碩士,碩士班,女,3
112-2,理工學院,電機工程學系,電機工程學系,碩士,碩士班,男,35
112-2,環境暨海洋學院,人文與環境碩士學位學程,人文與環境碩士學位學程,碩士,碩士班,女,4
112-2,環境暨海洋學院,人文與環境碩士學位學程,人文與環境碩士學位學程,碩士,碩士班,男,2
112-2,環境暨海洋學院,海洋生物研究所,海洋生物研究所,博士,博士班,女,2
112-2,環境暨海洋學院,海洋生物研究所,海洋生物研究所,博士,博士班,男,2
112-2,環境暨海洋學院,海洋生物研究所,海洋生物研究所,碩士,碩士班,女,6
112-2,環境暨海洋學院,海洋生物研究所,海洋生物研究所,碩士,碩士班,男,13
112-2,環境暨海洋學院,自然資源與環境學系,自然資源與環境學系,博士,博士班,女,8
112-2,環境暨海洋學院,自然資源與環境學系,自然資源與環境學系,博士,博士班,男,23
112-2,環境暨海洋學院,自然資源與環境學系,自然資源與環境學系,學士,學士班,女,94
112-2,環境暨海洋學院,自然資源與環境學系,自然資源與環境學系,學士,學士班,男,126
112-2,環境暨海洋學院,自然資源與環境學系,自然資源與環境學系,碩士,碩士班,女,28
112-2,環境暨海洋學院,自然資源與環境學系,自然資源與環境學系,碩士,碩士班,男,38
112-2,管理學院,企業管理學系,企業管理學系,博士,博士班,女,18
112-2,管理學院,企業管理學系,企業管理學系,博士,博士班,男,25
112-2,管理學院,企業管理學系,企業管理學系,學士,學士班,女,128
112-2,管理學院,企業管理學系,企業管理學系,學士,學士班,男,109
112-2,管理學院,企業管理學系,企業管理學系,碩士,碩士在職專班,女,20
112-2,管理學院,企業管理學系,企業管理學系,碩士,碩士在職專班,男,21
112-2,管理學院,企業管理學系,企業管理學系,碩士,碩士班,女,44
112-2,管理學院,企業管理學系,企業管理學系,碩士,碩士班,男,21
112-2,管理學院,國際企業學系,國際企業學系,學士,學士班,女,131
112-2,管理學院,國際企業學系,國際企業學系,學士,學士班,男,78
112-2,管理學院,國際企業學系,國際企業學系,碩士,碩士在職專班,女,2
112-2,管理學院,國際企業學系,國際企業學系,碩士,碩士在職專班,男,13
112-2,管理學院,國際企業學系,國際企業學系,碩士,碩士班,女,26
112-2,管理學院,國際企業學系,國際企業學系,碩士,碩士班,男,13
112-2,管理學院,會計學系,會計學系,學士,學士班,女,132
112-2,管理學院,會計學系,會計學系,學士,學士班,男,96
112-2,管理學院,會計學系,會計學系(108新增),碩士,碩士班,女,16
112-2,管理學院,會計學系,會計學系(108新增),碩士,碩士班,男,7
112-2,管理學院,管理學院會計與資訊管理國際學士班,管理學院會計與資訊管理國際學士班(112新),學士,學士班,女,14
112-2,管理學院,管理學院會計與資訊管理國際學士班,管理學院會計與資訊管理國際學士班(112新),學士,學士班,男,5
112-2,管理學院,管理學院管理科學與財金國際學士學位學程,管理學院管理科學與財金國際學士學位學程,學士,學士班,女,62
112-2,管理學院,管理學院管理科學與財金國際學士學位學程,管理學院管理科學與財金國際學士學位學程,學士,學士班,男,44
112-2,管理學院,管理學院高階經營管理碩士在職專班,管理學院高階經營管理碩士在職專班,碩士,碩士在職專班,女,31
112-2,管理學院,管理學院高階經營管理碩士在職專班,管理學院高階經營管理碩士在職專班,碩士,碩士在職專班,男,22
112-2,管理學院,觀光暨休閒遊憩學系,觀光暨休閒遊憩學系,學士,學士班,女,117
112-2,管理學院,觀光暨休閒遊憩學系,觀光暨休閒遊憩學系,學士,學士班,男,76
112-2,管理學院,觀光暨休閒遊憩學系,觀光暨休閒遊憩學系,碩士,碩士班,女,19
112-2,管理學院,觀光暨休閒遊憩學系,觀光暨休閒遊憩學系,碩士,碩士班,男,8
112-2,管理學院,財務金融學系,財務金融學系,學士,學士班,女,120
112-2,管理學院,財務金融學系,財務金融學系,學士,學士班,男,148
112-2,管理學院,財務金融學系,財務金融學系,碩士,碩士班,女,17
112-2,管理學院,財務金融學系,財務金融學系,碩士,碩士班,男,27
112-2,管理學院,資訊管理學系,資訊管理學系,學士,學士班,女,113
112-2,管理學院,資訊管理學系,資訊管理學系,學士,學士班,男,140
112-2,管理學院,資訊管理學系,資訊管理學系(107新增),碩士,碩士班,女,12
112-2,管理學院,資訊管理學系,資訊管理學系(107新增),碩士,碩士班,男,16
112-2,管理學院,資訊管理學系,資訊管理碩士學位學程(107年起停招),碩士,碩士班,女,0
112-2,管理學院,資訊管理學系,資訊管理碩士學位學程(107年起停招),碩士,碩士班,男,1
112-2,管理學院,運籌管理研究所,運籌管理研究所,碩士,碩士班,女,14
112-2,管理學院,運籌管理研究所,運籌管理研究所,碩士,碩士班,男,7
112-2,花師教育學院,幼兒教育學系,幼兒教育學系,學士,學士班,女,136
112-2,花師教育學院,幼兒教育學系,幼兒教育學系,學士,學士班,男,21
112-2,花師教育學院,幼兒教育學系,幼兒教育學系,碩士,碩士在職專班,女,21
112-2,花師教育學院,幼兒教育學系,幼兒教育學系,碩士,碩士在職專班,男,1
112-2,花師教育學院,幼兒教育學系,幼兒教育學系,碩士,碩士班,女,12
112-2,花師教育學院,幼兒教育學系,幼兒教育學系,碩士,碩士班,男,2
112-2,花師教育學院,教育與潛能開發學系,教育與潛能開發學系,博士,博士班,女,76
112-2,花師教育學院,教育與潛能開發學系,教育與潛能開發學系,博士,博士班,男,68
112-2,花師教育學院,教育與潛能開發學系,教育與潛能開發學系,學士,學士班,女,117
112-2,花師教育學院,教育與潛能開發學系,教育與潛能開發學系,學士,學士班,男,62
112-2,花師教育學院,教育與潛能開發學系,教育與潛能開發學系,碩士,碩士在職專班,女,63
112-2,花師教育學院,教育與潛能開發學系,教育與潛能開發學系,碩士,碩士在職專班,男,14
112-2,花師教育學院,教育與潛能開發學系,教育與潛能開發學系,碩士,碩士班,女,59
112-2,花師教育學院,教育與潛能開發學系,教育與潛能開發學系,碩士,碩士班,男,33
112-2,花師教育學院,教育行政與管理學系,教育行政與管理學系,學士,學士班,女,111
112-2,花師教育學院,教育行政與管理學系,教育行政與管理學系,學士,學士班,男,62
112-2,花師教育學院,教育行政與管理學系,教育行政與管理學系,碩士,碩士在職專班,女,66
112-2,花師教育學院,教育行政與管理學系,教育行政與管理學系,碩士,碩士在職專班,男,27
112-2,花師教育學院,教育行政與管理學系,教育行政與管理學系,碩士,碩士班,女,16
112-2,花師教育學院,教育行政與管理學系,教育行政與管理學系,碩士,碩士班,男,11
112-2,花師教育學院,特殊教育學系,特殊教育學系,學士,學士班,女,116
112-2,花師教育學院,特殊教育學系,特殊教育學系,學士,學士班,男,25
112-2,花師教育學院,特殊教育學系,特殊教育學系,碩士,碩士班,女,23
112-2,花師教育學院,特殊教育學系,特殊教育學系,碩士,碩士班,男,1
112-2,花師教育學院,體育與運動科學系,體育與運動科學系,學士,學士班,女,50
112-2,花師教育學院,體育與運動科學系,體育與運動科學系,學士,學士班,男,139
112-2,花師教育學院,體育與運動科學系,體育與運動科學系,碩士,碩士在職專班,女,23
112-2,花師教育學院,體育與運動科學系,體育與運動科學系,碩士,碩士在職專班,男,19
112-2,花師教育學院,體育與運動科學系,體育與運動科學系,碩士,碩士班,女,12
112-2,花師教育學院,體育與運動科學系,體育與運動科學系,碩士,碩士班,男,13
112-2,藝術學院,藝術創意產業學系,藝術創意產業學系,學士,學士班,女,178
112-2,藝術學院,藝術創意產業學系,藝術創意產業學系,學士,學士班,男,36
112-2,藝術學院,藝術創意產業學系,藝術創意產業學系,碩士,碩士在職專班,女,13
112-2,藝術學院,藝術創意產業學系,藝術創意產業學系,碩士,碩士在職專班,男,7
112-2,藝術學院,藝術創意產業學系,藝術創意產業學系,碩士,碩士班,女,35
112-2,藝術學院,藝術創意產業學系,藝術創意產業學系,碩士,碩士班,男,12
112-2,藝術學院,藝術與設計學系,藝術與設計學系,學士,學士班,女,180
112-2,藝術學院,藝術與設計學系,藝術與設計學系,學士,學士班,男,50
112-2,藝術學院,藝術與設計學系,藝術與設計學系,碩士,碩士班,女,43
112-2,藝術學院,藝術與設計學系,藝術與設計學系,碩士,碩士班,男,13
112-2,藝術學院,音樂學系,音樂學系,學士,學士班,女,43
112-2,藝術學院,音樂學系,音樂學系,學士,學士班,男,35
112-2,藝術學院,音樂學系,音樂學系,碩士,碩士班,女,12
112-2,藝術學院,音樂學系,音樂學系,碩士,碩士班,男,19
113-1,人文社會科學學院,中國語文學系,中國語文學系,博士,博士班,女,20
113-1,人文社會科學學院,中國語文學系,中國語文學系,博士,博士班,男,14
113-1,人文社會科學學院,中國語文學系,中國語文學系,學士,學士班,女,111
113-1,人文社會科學學院,中國語文學系,中國語文學系,學士,學士班,男,58
113-1,人文社會科學學院,中國語文學系,中國語文學系,碩士,碩士班,女,16
113-1,人文社會科學學院,中國語文學系,中國語文學系,碩士,碩士班,男,6
113-1,人文社會科學學院,人文社會科學學院亞太區域研究博士班,人文社會科學學院亞太區域研究博士班(109新增),博士,博士班,女,7
113-1,人文社會科學學院,人文社會科學學院亞太區域研究博士班,人文社會科學學院亞太區域研究博士班(109新增),博士,博士班,男,25
113-1,人文社會科學學院,人文社會科學學院華語文教學國際博士班,人文社會科學學院華語文教學國際博士班(108新增),博士,博士班,女,6
113-1,人文社會科學學院,人文社會科學學院華語文教學國際博士班,人文社會科學學院華語文教學國際博士班(108新增),博士,博士班,男,2
113-1,人文社會科學學院,人文社會科學學院華語文教學暨書法國際碩士班,人文社會科學學院華語文教學暨書法國際碩士班(111新增),碩士,碩士班,女,9
113-1,人文社會科學學院,人文社會科學學院華語文教學暨書法國際碩士班,人文社會科學學院華語文教學暨書法國際碩士班(111新增),碩士,碩士班,男,1
113-1,人文社會科學學院,公共行政學系,公共行政學系,學士,學士班,女,88
113-1,人文社會科學學院,公共行政學系,公共行政學系,學士,學士班,男,66
113-1,人文社會科學學院,公共行政學系,公共行政學系,碩士,碩士在職專班,女,16
113-1,人文社會科學學院,公共行政學系,公共行政學系,碩士,碩士在職專班,男,20
113-1,人文社會科學學院,公共行政學系,公共行政學系,碩士,碩士班,女,8
113-1,人文社會科學學院,公共行政學系,公共行政學系,碩士,碩士班,男,10
113-1,人文社會科學學院,歷史學系,歷史學系,學士,學士班,女,101
113-1,人文社會科學學院,歷史學系,歷史學系,學士,學士班,男,128
113-1,人文社會科學學院,歷史學系,歷史學系,碩士,碩士班,女,3
113-1,人文社會科學學院,歷史學系,歷史學系,碩士,碩士班,男,10
113-1,人文社會科學學院,法律學系,法律學士學位學程原住民專班(108年起停招),學士,學士班,女,1
113-1,人文社會科學學院,法律學系,法律學士學位學程原住民專班(108年起停招),學士,學士班,男,0
113-1,人文社會科學學院,法律學系,法律學系(108新增),學士,學士班,女,82
113-1,人文社會科學學院,法律學系,法律學系(108新增),學士,學士班,男,51
113-1,人文社會科學學院,法律學系,法律學系(109新增),碩士,碩士班,女,23
113-1,人文社會科學學院,法律學系,法律學系(109新增),碩士,碩士班,男,17
113-1,人文社會科學學院,法律學系,法律學系原住民專班(108新增),學士,學士班,女,45
113-1,人文社會科學學院,法律學系,法律學系原住民專班(108新增),學士,學士班,男,29
113-1,人文社會科學學院,社會學系,社會學系,學士,學士班,女,102
113-1,人文社會科學學院,社會學系,社會學系,學士,學士班,男,67
113-1,人文社會科學學院,社會學系,社會學系,碩士,碩士班,女,11
113-1,人文社會科學學院,社會學系,社會學系,碩士,碩士班,男,10
113-1,人文社會科學學院,經濟學系,經濟學系,博士,博士班,女,5
113-1,人文社會科學學院,經濟學系,經濟學系,博士,博士班,男,7
113-1,人文社會科學學院,經濟學系,經濟學系,學士,學士班,女,88
113-1,人文社會科學學院,經濟學系,經濟學系,學士,學士班,男,128
113-1,人文社會科學學院,經濟學系,經濟學系,碩士,碩士班,女,3
113-1,人文社會科學學院,經濟學系,經濟學系,碩士,碩士班,男,8
113-1,人文社會科學學院,臺灣文化學系,臺灣文化學系,學士,學士班,女,48
113-1,人文社會科學學院,臺灣文化學系,臺灣文化學系,學士,學士班,男,89
113-1,人文社會科學學院,臺灣文化學系,臺灣文化學系,碩士,碩士在職專班,女,3
113-1,人文社會科學學院,臺灣文化學系,臺灣文化學系,碩士,碩士在職專班,男,1
113-1,人文社會科學學院,臺灣文化學系,臺灣文化學系,碩士,碩士班,女,11
113-1,人文社會科學學院,臺灣文化學系,臺灣文化學系,碩士,碩士班,男,15
113-1,人文社會科學學院,英美語文學系,英美語文學系,學士,學士班,女,109
113-1,人文社會科學學院,英美語文學系,英美語文學系,學士,學士班,男,82
113-1,人文社會科學學院,英美語文學系,英美語文學系,碩士,碩士班,女,15
113-1,人文社會科學學院,英美語文學系,英美語文學系,碩士,碩士班,男,12
113-1,人文社會科學學院,華文文學系,華文文學系,學士,學士班,女,133
113-1,人文社會科學學院,華文文學系,華文文學系,學士,學士班,男,56
113-1,人文社會科學學院,華文文學系,華文文學系,碩士,碩士班,女,34
113-1,人文社會科學學院,華文文學系,華文文學系,碩士,碩士班,男,12
113-1,人文社會科學學院,諮商與臨床心理學系,諮商與臨床心理學系,學士,學士班,女,164
113-1,人文社會科學學院,諮商與臨床心理學系,諮商與臨床心理學系,學士,學士班,男,72
113-1,人文社會科學學院,諮商與臨床心理學系,諮商與臨床心理學系,碩士,碩士班,女,97
113-1,人文社會科學學院,諮商與臨床心理學系,諮商與臨床心理學系,碩士,碩士班,男,47
113-1,原住民民族學院,原住民族樂舞與藝術學士學位學程,原住民族樂舞與藝術學士學位學程(108新增),學士,學士班,女,36
113-1,原住民民族學院,原住民族樂舞與藝術學士學位學程,原住民族樂舞與藝術學士學位學程(108新增),學士,學士班,男,22
113-1,原住民民族學院,原住民民族學院原住民族研究國際博士班,原住民民族學院原住民族研究國際博士班(112新增),博士,博士班,女,5
113-1,原住民民族學院,原住民民族學院原住民族研究國際博士班,原住民民族學院原住民族研究國際博士班(112新增),博士,博士班,男,1
113-1,原住民民族學院,族群關係與文化學系,族群關係與文化學系,博士,博士班,女,13
113-1,原住民民族學院,族群關係與文化學系,族群關係與文化學系,博士,博士班,男,15
113-1,原住民民族學院,族群關係與文化學系,族群關係與文化學系,學士,學士班,女,73
113-1,原住民民族學院,族群關係與文化學系,族群關係與文化學系,學士,學士班,男,50
113-1,原住民民族學院,族群關係與文化學系,族群關係與文化學系,碩士,碩士在職專班,女,11
113-1,原住民民族學院,族群關係與文化學系,族群關係與文化學系,碩士,碩士在職專班,男,3
113-1,原住民民族學院,族群關係與文化學系,族群關係與文化學系,碩士,碩士班,女,16
113-1,原住民民族學院,族群關係與文化學系,族群關係與文化學系,碩士,碩士班,男,11
113-1,原住民民族學院,民族發展與社會工作學系,民族發展與社會工作學系(113更名),學士,學士班,女,66
113-1,原住民民族學院,民族發展與社會工作學系,民族發展與社會工作學系(113更名),學士,學士班,男,33
113-1,原住民民族學院,民族發展與社會工作學系,民族發展與社會工作學系(113更名),碩士,碩士在職專班,女,42
113-1,原住民民族學院,民族發展與社會工作學系,民族發展與社會工作學系(113更名),碩士,碩士在職專班,男,17
113-1,原住民民族學院,民族發展與社會工作學系,民族發展與社會工作學系(113更名),碩士,碩士班,女,13
113-1,原住民民族學院,民族發展與社會工作學系,民族發展與社會工作學系(113更名),碩士,碩士班,男,12
113-1,原住民民族學院,民族發展與社會工作學系,民族社會工作學士學位學程(113停招),學士,學士班,女,64
113-1,原住民民族學院,民族發展與社會工作學系,民族社會工作學士學位學程(113停招),學士,學士班,男,27
113-1,原住民民族學院,民族語言與傳播學系,民族語言與傳播學系,學士,學士班,女,86
113-1,原住民民族學院,民族語言與傳播學系,民族語言與傳播學系,學士,學士班,男,71
113-1,洄瀾學院,縱谷跨域書院學士學位學程,縱谷跨域書院學士學位學程(111新增),學士,學士班,女,46
113-1,洄瀾學院,縱谷跨域書院學士學位學程,縱谷跨域書院學士學位學程(111新增),學士,學士班,男,40
113-1,理工學院,光電工程學系,光電工程學系,學士,學士班,女,39
113-1,理工學院,光電工程學系,光電工程學系,學士,學士班,男,155
113-1,理工學院,光電工程學系,光電工程學系,碩士,碩士班,女,6
113-1,理工學院,光電工程學系,光電工程學系,碩士,碩士班,男,27
113-1,理工學院,化學系,化學系,博士,博士班,女,7
113-1,理工學院,化學系,化學系,博士,博士班,男,6
113-1,理工學院,化學系,化學系,學士,學士班,女,89
113-1,理工學院,化學系,化學系,學士,學士班,男,110
113-1,理工學院,化學系,化學系,碩士,碩士班,女,7
113-1,理工學院,化學系,化學系,碩士,碩士班,男,21
113-1,理工學院,應用數學系,應用數學系,博士,博士班,女,0
113-1,理工學院,應用數學系,應用數學系,博士,博士班,男,6
113-1,理工學院,應用數學系,應用數學系,學士,學士班,女,64
113-1,理工學院,應用數學系,應用數學系,學士,學士班,男,186
113-1,理工學院,應用數學系,應用數學系,碩士,碩士班,女,6
113-1,理工學院,應用數學系,應用數學系,碩士,碩士班,男,24
113-1,理工學院,材料科學與工程學系,材料科學與工程學系,博士,博士班,女,3
113-1,理工學院,材料科學與工程學系,材料科學與工程學系,博士,博士班,男,7
113-1,理工學院,材料科學與工程學系,材料科學與工程學系,學士,學士班,女,84
113-1,理工學院,材料科學與工程學系,材料科學與工程學系,學士,學士班,男,155
113-1,理工學院,材料科學與工程學系,材料科學與工程學系,碩士,碩士班,女,7
113-1,理工學院,材料科學與工程學系,材料科學與工程學系,碩士,碩士班,男,16
113-1,理工學院,物理學系,物理學系,博士,博士班,女,7
113-1,理工學院,物理學系,物理學系,博士,博士班,男,13
113-1,理工學院,物理學系,物理學系,學士,學士班,女,50
113-1,理工學院,物理學系,物理學系,學士,學士班,男,178
113-1,理工學院,物理學系,物理學系,碩士,碩士班,女,4
113-1,理工學院,物理學系,物理學系,碩士,碩士班,男,17
113-1,理工學院,理工學院大數據科學國際學士班,理工學院大數據科學國際學士班(113新增),學士,學士班,女,13
113-1,理工學院,理工學院大數據科學國際學士班,理工學院大數據科學國際學士班(113新增),學士,學士班,男,7
113-1,理工學院,生化暨分子醫學科學系,生化暨分子醫學科學系(113更名),博士,博士班,女,2
113-1,理工學院,生化暨分子醫學科學系,生化暨分子醫學科學系(113更名),博士,博士班,男,2
113-1,理工學院,生化暨分子醫學科學系,生化暨分子醫學科學系(113更名),學士,學士班,女,84
113-1,理工學院,生化暨分子醫學科學系,生化暨分子醫學科學系(113更名),學士,學士班,男,91
113-1,理工學院,生化暨分子醫學科學系,生化暨分子醫學科學系(113更名),碩士,碩士班,女,7
113-1,理工學院,生化暨分子醫學科學系,生化暨分子醫學科學系(113更名),碩士,碩士班,男,6
113-1,理工學院,資訊工程學系,資訊工程學系,博士,博士班,女,4
113-1,理工學院,資訊工程學系,資訊工程學系,博士,博士班,男,7
113-1,理工學院,資訊工程學系,資訊工程學系,學士,學士班,女,175
113-1,理工學院,資訊工程學系,資訊工程學系,學士,學士班,男,413
113-1,理工學院,資訊工程學系,資訊工程學系,碩士,碩士在職專班,女,0
113-1,理工學院,資訊工程學系,資訊工程學系,碩士,碩士在職專班,男,2
113-1,理工學院,資訊工程學系,資訊工程學系,碩士,碩士班,女,36
113-1,理工學院,資訊工程學系,資訊工程學系,碩士,碩士班,男,122
113-1,理工學院,電機工程學系,電機工程學系,博士,博士班,女,1
113-1,理工學院,電機工程學系,電機工程學系,博士,博士班,男,3
113-1,理工學院,電機工程學系,電機工程學系,學士,學士班,女,54
113-1,理工學院,電機工程學系,電機工程學系,學士,學士班,男,210
113-1,理工學院,電機工程學系,電機工程學系,碩士,碩士在職專班,女,0
113-1,理工學院,電機工程學系,電機工程學系,碩士,碩士在職專班,男,1
113-1,理工學院,電機工程學系,電機工程學系,碩士,碩士班,女,4
113-1,理工學院,電機工程學系,電機工程學系,碩士,碩士班,男,41
113-1,環境暨海洋學院,人文與環境碩士學位學程,人文與環境碩士學位學程,碩士,碩士班,女,3
113-1,環境暨海洋學院,人文與環境碩士學位學程,人文與環境碩士學位學程,碩士,碩士班,男,2
113-1,環境暨海洋學院,海洋生物研究所,海洋生物研究所,博士,博士班,女,2
113-1,環境暨海洋學院,海洋生物研究所,海洋生物研究所,博士,博士班,男,2
113-1,環境暨海洋學院,海洋生物研究所,海洋生物研究所,碩士,碩士班,女,5
113-1,環境暨海洋學院,海洋生物研究所,海洋生物研究所,碩士,碩士班,男,13
113-1,環境暨海洋學院,自然資源與環境學系,自然資源與環境學系,博士,博士班,女,7
113-1,環境暨海洋學院,自然資源與環境學系,自然資源與環境學系,博士,博士班,男,22
113-1,環境暨海洋學院,自然資源與環境學系,自然資源與環境學系,學士,學士班,女,92
113-1,環境暨海洋學院,自然資源與環境學系,自然資源與環境學系,學士,學士班,男,123
113-1,環境暨海洋學院,自然資源與環境學系,自然資源與環境學系,碩士,碩士班,女,37
113-1,環境暨海洋學院,自然資源與環境學系,自然資源與環境學系,碩士,碩士班,男,33
113-1,管理學院,企業管理學系,企業管理學系,博士,博士班,女,20
113-1,管理學院,企業管理學系,企業管理學系,博士,博士班,男,29
113-1,管理學院,企業管理學系,企業管理學系,學士,學士班,女,124
113-1,管理學院,企業管理學系,企業管理學系,學士,學士班,男,117
113-1,管理學院,企業管理學系,企業管理學系,碩士,碩士在職專班,女,27
113-1,管理學院,企業管理學系,企業管理學系,碩士,碩士在職專班,男,16
113-1,管理學院,企業管理學系,企業管理學系,碩士,碩士班,女,51
113-1,管理學院,企業管理學系,企業管理學系,碩士,碩士班,男,26
113-1,管理學院,國際企業學系,國際企業學系,學士,學士班,女,138
113-1,管理學院,國際企業學系,國際企業學系,學士,學士班,男,81
113-1,管理學院,國際企業學系,國際企業學系,碩士,碩士在職專班,女,2
113-1,管理學院,國際企業學系,國際企業學系,碩士,碩士在職專班,男,12
113-1,管理學院,國際企業學系,國際企業學系,碩士,碩士班,女,21
113-1,管理學院,國際企業學系,國際企業學系,碩士,碩士班,男,17
113-1,管理學院,會計學系,會計學系,學士,學士班,女,138
113-1,管理學院,會計學系,會計學系,學士,學士班,男,98
113-1,管理學院,會計學系,會計學系(108新增),碩士,碩士班,女,21
113-1,管理學院,會計學系,會計學系(108新增),碩士,碩士班,男,10
113-1,管理學院,管理學院數位行銷與服務創新國際學士班,管理學院數位行銷與服務創新國際學士班(113新),學士,學士班,女,8
113-1,管理學院,管理學院數位行銷與服務創新國際學士班,管理學院數位行銷與服務創新國際學士班(113新),學士,學士班,男,4
113-1,管理學院,管理學院會計與資訊管理國際學士班,管理學院會計與資訊管理國際學士班(112新),學士,學士班,女,23
113-1,管理學院,管理學院會計與資訊管理國際學士班,管理學院會計與資訊管理國際學士班(112新),學士,學士班,男,14
113-1,管理學院,管理學院管理科學與財金國際學士學位學程,管理學院管理科學與財金國際學士學位學程,學士,學士班,女,63
113-1,管理學院,管理學院管理科學與財金國際學士學位學程,管理學院管理科學與財金國際學士學位學程,學士,學士班,男,52
113-1,管理學院,管理學院高階經營管理碩士在職專班,管理學院高階經營管理碩士在職專班,碩士,碩士在職專班,女,36
113-1,管理學院,管理學院高階經營管理碩士在職專班,管理學院高階經營管理碩士在職專班,碩士,碩士在職專班,男,22
113-1,管理學院,觀光暨休閒遊憩學系,觀光暨休閒遊憩學系,學士,學士班,女,111
113-1,管理學院,觀光暨休閒遊憩學系,觀光暨休閒遊憩學系,學士,學士班,男,82
113-1,管理學院,觀光暨休閒遊憩學系,觀光暨休閒遊憩學系,碩士,碩士班,女,9
113-1,管理學院,觀光暨休閒遊憩學系,觀光暨休閒遊憩學系,碩士,碩士班,男,8
113-1,管理學院,財務金融學系,財務金融學系,學士,學士班,女,123
113-1,管理學院,財務金融學系,財務金融學系,學士,學士班,男,143
113-1,管理學院,財務金融學系,財務金融學系,碩士,碩士班,女,18
113-1,管理學院,財務金融學系,財務金融學系,碩士,碩士班,男,35
113-1,管理學院,資訊管理學系,資訊管理學系,學士,學士班,女,113
113-1,管理學院,資訊管理學系,資訊管理學系,學士,學士班,男,153
113-1,管理學院,資訊管理學系,資訊管理學系(107新增),碩士,碩士班,女,17
113-1,管理學院,資訊管理學系,資訊管理學系(107新增),碩士,碩士班,男,16
113-1,管理學院,資訊管理學系,資訊管理碩士學位學程(107年起停招),碩士,碩士班,女,0
113-1,管理學院,資訊管理學系,資訊管理碩士學位學程(107年起停招),碩士,碩士班,男,1
113-1,管理學院,運籌管理研究所,運籌管理研究所,碩士,碩士班,女,14
113-1,管理學院,運籌管理研究所,運籌管理研究所,碩士,碩士班,男,11
113-1,花師教育學院,幼兒教育學系,幼兒教育學系,學士,學士班,女,139
113-1,花師教育學院,幼兒教育學系,幼兒教育學系,學士,學士班,男,21
113-1,花師教育學院,幼兒教育學系,幼兒教育學系,碩士,碩士在職專班,女,31
113-1,花師教育學院,幼兒教育學系,幼兒教育學系,碩士,碩士在職專班,男,1
113-1,花師教育學院,幼兒教育學系,幼兒教育學系,碩士,碩士班,女,15
113-1,花師教育學院,幼兒教育學系,幼兒教育學系,碩士,碩士班,男,3
113-1,花師教育學院,教育與潛能開發學系,教育與潛能開發學系,博士,博士班,女,70
113-1,花師教育學院,教育與潛能開發學系,教育與潛能開發學系,博士,博士班,男,62
113-1,花師教育學院,教育與潛能開發學系,教育與潛能開發學系,學士,學士班,女,117
113-1,花師教育學院,教育與潛能開發學系,教育與潛能開發學系,學士,學士班,男,55
113-1,花師教育學院,教育與潛能開發學系,教育與潛能開發學系,碩士,碩士在職專班,女,71
113-1,花師教育學院,教育與潛能開發學系,教育與潛能開發學系,碩士,碩士在職專班,男,20
113-1,花師教育學院,教育與潛能開發學系,教育與潛能開發學系,碩士,碩士班,女,66
113-1,花師教育學院,教育與潛能開發學系,教育與潛能開發學系,碩士,碩士班,男,34
113-1,花師教育學院,教育行政與管理學系,教育行政與管理學系,學士,學士班,女,107
113-1,花師教育學院,教育行政與管理學系,教育行政與管理學系,學士,學士班,男,62
113-1,花師教育學院,教育行政與管理學系,教育行政與管理學系,碩士,碩士在職專班,女,75
113-1,花師教育學院,教育行政與管理學系,教育行政與管理學系,碩士,碩士在職專班,男,36
113-1,花師教育學院,教育行政與管理學系,教育行政與管理學系,碩士,碩士班,女,19
113-1,花師教育學院,教育行政與管理學系,教育行政與管理學系,碩士,碩士班,男,9
113-1,花師教育學院,特殊教育學系,特殊教育學系,學士,學士班,女,110
113-1,花師教育學院,特殊教育學系,特殊教育學系,學士,學士班,男,28
113-1,花師教育學院,特殊教育學系,特殊教育學系,碩士,碩士班,女,20
113-1,花師教育學院,特殊教育學系,特殊教育學系,碩士,碩士班,男,1
113-1,花師教育學院,花師教育學院多元文化教育博士班,花師教育學院多元文化教育博士班(113新增),博士,博士班,女,2
113-1,花師教育學院,花師教育學院多元文化教育博士班,花師教育學院多元文化教育博士班(113新增),博士,博士班,男,0
113-1,花師教育學院,花師教育學院多元文化教育碩士班,花師教育學院多元文化教育碩士班(113新增),碩士,碩士班,女,6
113-1,花師教育學院,花師教育學院多元文化教育碩士班,花師教育學院多元文化教育碩士班(113新增),碩士,碩士班,男,2
113-1,花師教育學院,體育與運動科學系,體育與運動科學系,學士,學士班,女,55
113-1,花師教育學院,體育與運動科學系,體育與運動科學系,學士,學士班,男,145
113-1,花師教育學院,體育與運動科學系,體育與運動科學系,碩士,碩士在職專班,女,26
113-1,花師教育學院,體育與運動科學系,體育與運動科學系,碩士,碩士在職專班,男,21
113-1,花師教育學院,體育與運動科學系,體育與運動科學系,碩士,碩士班,女,18
113-1,花師教育學院,體育與運動科學系,體育與運動科學系,碩士,碩士班,男,12
113-1,藝術學院,藝術創意產業學系,藝術創意產業學系,學士,學士班,女,181
113-1,藝術學院,藝術創意產業學系,藝術創意產業學系,學士,學士班,男,37
113-1,藝術學院,藝術創意產業學系,藝術創意產業學系,碩士,碩士在職專班,女,18
113-1,藝術學院,藝術創意產業學系,藝術創意產業學系,碩士,碩士在職專班,男,10
113-1,藝術學院,藝術創意產業學系,藝術創意產業學系,碩士,碩士班,女,32
113-1,藝術學院,藝術創意產業學系,藝術創意產業學系,碩士,碩士班,男,12
113-1,藝術學院,藝術學院藝術跨領域國際博士班,藝術學院藝術跨領域國際博士班(113新增),博士,博士班,女,0
113-1,藝術學院,藝術學院藝術跨領域國際博士班,藝術學院藝術跨領域國際博士班(113新增),博士,博士班,男,1
113-1,藝術學院,藝術與設計學系,藝術與設計學系,學士,學士班,女,172
113-1,藝術學院,藝術與設計學系,藝術與設計學系,學士,學士班,男,55
113-1,藝術學院,藝術與設計學系,藝術與設計學系,碩士,碩士班,女,48
113-1,藝術學院,藝術與設計學系,藝術與設計學系,碩士,碩士班,男,14
113-1,藝術學院,音樂學系,音樂學系,學士,學士班,女,46
113-1,藝術學院,音樂學系,音樂學系,學士,學士班,男,33
113-1,藝術學院,音樂學系,音樂學系,碩士,碩士班,女,13
113-1,藝術學院,音樂學系,音樂學系,碩士,碩士班,男,16
113-2,人文社會科學學院,中國語文學系,中國語文學系,博士,博士班,女,18
113-2,人文社會科學學院,中國語文學系,中國語文學系,博士,博士班,男,16
113-2,人文社會科學學院,中國語文學系,中國語文學系,學士,學士班,女,104
113-2,人文社會科學學院,中國語文學系,中國語文學系,學士,學士班,男,53
113-2,人文社會科學學院,中國語文學系,中國語文學系,碩士,碩士班,女,16
113-2,人文社會科學學院,中國語文學系,中國語文學系,碩士,碩士班,男,5
113-2,人文社會科學學院,人文社會科學學院亞太區域研究博士班,人文社會科學學院亞太區域研究博士班(109新增),博士,博士班,女,7
113-2,人文社會科學學院,人文社會科學學院亞太區域研究博士班,人文社會科學學院亞太區域研究博士班(109新增),博士,博士班,男,29
113-2,人文社會科學學院,人文社會科學學院華語文教學國際博士班,人文社會科學學院華語文教學國際博士班(108新增),博士,博士班,女,6
113-2,人文社會科學學院,人文社會科學學院華語文教學國際博士班,人文社會科學學院華語文教學國際博士班(108新增),博士,博士班,男,2
113-2,人文社會科學學院,人文社會科學學院華語文教學暨書法國際碩士班,人文社會科學學院華語文教學暨書法國際碩士班(111新增),碩士,碩士班,女,8
113-2,人文社會科學學院,人文社會科學學院華語文教學暨書法國際碩士班,人文社會科學學院華語文教學暨書法國際碩士班(111新增),碩士,碩士班,男,1
113-2,人文社會科學學院,公共行政學系,公共行政學系,學士,學士班,女,88
113-2,人文社會科學學院,公共行政學系,公共行政學系,學士,學士班,男,69
113-2,人文社會科學學院,公共行政學系,公共行政學系,碩士,碩士在職專班,女,13
113-2,人文社會科學學院,公共行政學系,公共行政學系,碩士,碩士在職專班,男,18
113-2,人文社會科學學院,公共行政學系,公共行政學系,碩士,碩士班,女,5
113-2,人文社會科學學院,公共行政學系,公共行政學系,碩士,碩士班,男,8
113-2,人文社會科學學院,歷史學系,歷史學系,學士,學士班,女,99
113-2,人文社會科學學院,歷史學系,歷史學系,學士,學士班,男,127
113-2,人文社會科學學院,歷史學系,歷史學系,碩士,碩士班,女,2
113-2,人文社會科學學院,歷史學系,歷史學系,碩士,碩士班,男,12
113-2,人文社會科學學院,法律學系,法律學系(108新增),學士,學士班,女,87
113-2,人文社會科學學院,法律學系,法律學系(108新增),學士,學士班,男,48
113-2,人文社會科學學院,法律學系,法律學系(109新增),碩士,碩士班,女,19
113-2,人文社會科學學院,法律學系,法律學系(109新增),碩士,碩士班,男,18
113-2,人文社會科學學院,法律學系,法律學系原住民專班(108新增),學士,學士班,女,44
113-2,人文社會科學學院,法律學系,法律學系原住民專班(108新增),學士,學士班,男,26
113-2,人文社會科學學院,社會學系,社會學系,學士,學士班,女,102
113-2,人文社會科學學院,社會學系,社會學系,學士,學士班,男,66
113-2,人文社會科學學院,社會學系,社會學系,碩士,碩士班,女,5
113-2,人文社會科學學院,社會學系,社會學系,碩士,碩士班,男,7
113-2,人文社會科學學院,經濟學系,經濟學系,博士,博士班,女,5
113-2,人文社會科學學院,經濟學系,經濟學系,博士,博士班,男,5
113-2,人文社會科學學院,經濟學系,經濟學系,學士,學士班,女,81
113-2,人文社會科學學院,經濟學系,經濟學系,學士,學士班,男,118
113-2,人文社會科學學院,經濟學系,經濟學系,碩士,碩士班,女,5
113-2,人文社會科學學院,經濟學系,經濟學系,碩士,碩士班,男,7
113-2,人文社會科學學院,臺灣文化學系,臺灣文化學系,學士,學士班,女,45
113-2,人文社會科學學院,臺灣文化學系,臺灣文化學系,學士,學士班,男,81
113-2,人文社會科學學院,臺灣文化學系,臺灣文化學系,碩士,碩士在職專班,女,4
113-2,人文社會科學學院,臺灣文化學系,臺灣文化學系,碩士,碩士在職專班,男,1
113-2,人文社會科學學院,臺灣文化學系,臺灣文化學系,碩士,碩士班,女,9
113-2,人文社會科學學院,臺灣文化學系,臺灣文化學系,碩士,碩士班,男,15
113-2,人文社會科學學院,英美語文學系,英美語文學系,學士,學士班,女,101
113-2,人文社會科學學院,英美語文學系,英美語文學系,學士,學士班,男,75
113-2,人文社會科學學院,英美語文學系,英美語文學系,碩士,碩士班,女,15
113-2,人文社會科學學院,英美語文學系,英美語文學系,碩士,碩士班,男,12
113-2,人文社會科學學院,華文文學系,華文文學系,學士,學士班,女,127
113-2,人文社會科學學院,華文文學系,華文文學系,學士,學士班,男,55
113-2,人文社會科學學院,華文文學系,華文文學系,碩士,碩士班,女,31
113-2,人文社會科學學院,華文文學系,華文文學系,碩士,碩士班,男,14
113-2,人文社會科學學院,諮商與臨床心理學系,諮商與臨床心理學系,學士,學士班,女,163
113-2,人文社會科學學院,諮商與臨床心理學系,諮商與臨床心理學系,學士,學士班,男,71
113-2,人文社會科學學院,諮商與臨床心理學系,諮商與臨床心理學系,碩士,碩士班,女,94
113-2,人文社會科學學院,諮商與臨床心理學系,諮商與臨床心理學系,碩士,碩士班,男,45
113-2,原住民民族學院,原住民族樂舞與藝術學士學位學程,原住民族樂舞與藝術學士學位學程(108新增),學士,學士班,女,33
113-2,原住民民族學院,原住民族樂舞與藝術學士學位學程,原住民族樂舞與藝術學士學位學程(108新增),學士,學士班,男,21
113-2,原住民民族學院,原住民民族學院原住民族研究國際博士班,原住民民族學院原住民族研究國際博士班(112新增),博士,博士班,女,4
113-2,原住民民族學院,原住民民族學院原住民族研究國際博士班,原住民民族學院原住民族研究國際博士班(112新增),博士,博士班,男,0
113-2,原住民民族學院,族群關係與文化學系,族群關係與文化學系,博士,博士班,女,9
113-2,原住民民族學院,族群關係與文化學系,族群關係與文化學系,博士,博士班,男,14
113-2,原住民民族學院,族群關係與文化學系,族群關係與文化學系,學士,學士班,女,70
113-2,原住民民族學院,族群關係與文化學系,族群關係與文化學系,學士,學士班,男,44
113-2,原住民民族學院,族群關係與文化學系,族群關係與文化學系,碩士,碩士在職專班,女,11
113-2,原住民民族學院,族群關係與文化學系,族群關係與文化學系,碩士,碩士在職專班,男,5
113-2,原住民民族學院,族群關係與文化學系,族群關係與文化學系,碩士,碩士班,女,14
113-2,原住民民族學院,族群關係與文化學系,族群關係與文化學系,碩士,碩士班,男,7
113-2,原住民民族學院,民族發展與社會工作學系,民族發展與社會工作學系(113更名),學士,學士班,女,64
113-2,原住民民族學院,民族發展與社會工作學系,民族發展與社會工作學系(113更名),學士,學士班,男,29
113-2,原住民民族學院,民族發展與社會工作學系,民族發展與社會工作學系(113更名),碩士,碩士在職專班,女,37
113-2,原住民民族學院,民族發展與社會工作學系,民族發展與社會工作學系(113更名),碩士,碩士在職專班,男,17
113-2,原住民民族學院,民族發展與社會工作學系,民族發展與社會工作學系(113更名),碩士,碩士班,女,17
113-2,原住民民族學院,民族發展與社會工作學系,民族發展與社會工作學系(113更名),碩士,碩士班,男,12
113-2,原住民民族學院,民族發展與社會工作學系,民族社會工作學士學位學程(113停招),學士,學士班,女,59
113-2,原住民民族學院,民族發展與社會工作學系,民族社會工作學士學位學程(113停招),學士,學士班,男,22
113-2,原住民民族學院,民族語言與傳播學系,民族語言與傳播學系,學士,學士班,女,75
113-2,原住民民族學院,民族語言與傳播學系,民族語言與傳播學系,學士,學士班,男,66
113-2,洄瀾學院,縱谷跨域書院學士學位學程,縱谷跨域書院學士學位學程(111新增),學士,學士班,女,40
113-2,洄瀾學院,縱谷跨域書院學士學位學程,縱谷跨域書院學士學位學程(111新增),學士,學士班,男,38
113-2,理工學院,光電工程學系,光電工程學系,學士,學士班,女,36
113-2,理工學院,光電工程學系,光電工程學系,學士,學士班,男,147
113-2,理工學院,光電工程學系,光電工程學系,碩士,碩士班,女,6
113-2,理工學院,光電工程學系,光電工程學系,碩士,碩士班,男,26
113-2,理工學院,化學系,化學系,博士,博士班,女,7
113-2,理工學院,化學系,化學系,博士,博士班,男,6
113-2,理工學院,化學系,化學系,學士,學士班,女,86
113-2,理工學院,化學系,化學系,學士,學士班,男,108
113-2,理工學院,化學系,化學系,碩士,碩士班,女,6
113-2,理工學院,化學系,化學系,碩士,碩士班,男,19
113-2,理工學院,應用數學系,應用數學系,博士,博士班,女,0
113-2,理工學院,應用數學系,應用數學系,博士,博士班,男,6
113-2,理工學院,應用數學系,應用數學系,學士,學士班,女,63
113-2,理工學院,應用數學系,應用數學系,學士,學士班,男,170
113-2,理工學院,應用數學系,應用數學系,碩士,碩士班,女,7
113-2,理工學院,應用數學系,應用數學系,碩士,碩士班,男,19
113-2,理工學院,材料科學與工程學系,材料科學與工程學系,博士,博士班,女,4
113-2,理工學院,材料科學與工程學系,材料科學與工程學系,博士,博士班,男,4
113-2,理工學院,材料科學與工程學系,材料科學與工程學系,學士,學士班,女,83
113-2,理工學院,材料科學與工程學系,材料科學與工程學系,學士,學士班,男,155
113-2,理工學院,材料科學與工程學系,材料科學與工程學系,碩士,碩士班,女,5
113-2,理工學院,材料科學與工程學系,材料科學與工程學系,碩士,碩士班,男,15
113-2,理工學院,物理學系,物理學系,博士,博士班,女,7
113-2,理工學院,物理學系,物理學系,博士,博士班,男,9
113-2,理工學院,物理學系,物理學系,學士,學士班,女,51
113-2,理工學院,物理學系,物理學系,學士,學士班,男,174
113-2,理工學院,物理學系,物理學系,碩士,碩士班,女,3
113-2,理工學院,物理學系,物理學系,碩士,碩士班,男,12
113-2,理工學院,理工學院大數據科學國際學士班,理工學院大數據科學國際學士班(113新增),學士,學士班,女,12
113-2,理工學院,理工學院大數據科學國際學士班,理工學院大數據科學國際學士班(113新增),學士,學士班,男,7
113-2,理工學院,生化暨分子醫學科學系,生化暨分子醫學科學系(113更名),博士,博士班,女,2
113-2,理工學院,生化暨分子醫學科學系,生化暨分子醫學科學系(113更名),博士,博士班,男,3
113-2,理工學院,生化暨分子醫學科學系,生化暨分子醫學科學系(113更名),學士,學士班,女,79
113-2,理工學院,生化暨分子醫學科學系,生化暨分子醫學科學系(113更名),學士,學士班,男,86
113-2,理工學院,生化暨分子醫學科學系,生化暨分子醫學科學系(113更名),碩士,碩士班,女,7
113-2,理工學院,生化暨分子醫學科學系,生化暨分子醫學科學系(113更名),碩士,碩士班,男,4
113-2,理工學院,資訊工程學系,資訊工程學系,博士,博士班,女,3
113-2,理工學院,資訊工程學系,資訊工程學系,博士,博士班,男,8
113-2,理工學院,資訊工程學系,資訊工程學系,學士,學士班,女,173
113-2,理工學院,資訊工程學系,資訊工程學系,學士,學士班,男,416
113-2,理工學院,資訊工程學系,資訊工程學系,碩士,碩士在職專班,女,1
113-2,理工學院,資訊工程學系,資訊工程學系,碩士,碩士在職專班,男,2
113-2,理工學院,資訊工程學系,資訊工程學系,碩士,碩士班,女,33
113-2,理工學院,資訊工程學系,資訊工程學系,碩士,碩士班,男,115
113-2,理工學院,電機工程學系,電機工程學系,博士,博士班,女,1
113-2,理工學院,電機工程學系,電機工程學系,博士,博士班,男,3
113-2,理工學院,電機工程學系,電機工程學系,學士,學士班,女,53
113-2,理工學院,電機工程學系,電機工程學系,學士,學士班,男,210
113-2,理工學院,電機工程學系,電機工程學系,碩士,碩士在職專班,女,0
113-2,理工學院,電機工程學系,電機工程學系,碩士,碩士在職專班,男,1
113-2,理工學院,電機工程學系,電機工程學系,碩士,碩士班,女,3
113-2,理工學院,電機工程學系,電機工程學系,碩士,碩士班,男,38
113-2,環境暨海洋學院,人文與環境碩士學位學程,人文與環境碩士學位學程,碩士,碩士班,女,3
113-2,環境暨海洋學院,人文與環境碩士學位學程,人文與環境碩士學位學程,碩士,碩士班,男,2
113-2,環境暨海洋學院,海洋生物研究所,海洋生物研究所,博士,博士班,女,2
113-2,環境暨海洋學院,海洋生物研究所,海洋生物研究所,博士,博士班,男,2
113-2,環境暨海洋學院,海洋生物研究所,海洋生物研究所,碩士,碩士班,女,4
113-2,環境暨海洋學院,海洋生物研究所,海洋生物研究所,碩士,碩士班,男,13
113-2,環境暨海洋學院,自然資源與環境學系,自然資源與環境學系,博士,博士班,女,10
113-2,環境暨海洋學院,自然資源與環境學系,自然資源與環境學系,博士,博士班,男,22
113-2,環境暨海洋學院,自然資源與環境學系,自然資源與環境學系,學士,學士班,女,87
113-2,環境暨海洋學院,自然資源與環境學系,自然資源與環境學系,學士,學士班,男,114
113-2,環境暨海洋學院,自然資源與環境學系,自然資源與環境學系,碩士,碩士班,女,33
113-2,環境暨海洋學院,自然資源與環境學系,自然資源與環境學系,碩士,碩士班,男,33
113-2,管理學院,企業管理學系,企業管理學系,博士,博士班,女,21
113-2,管理學院,企業管理學系,企業管理學系,博士,博士班,男,25
113-2,管理學院,企業管理學系,企業管理學系,學士,學士班,女,126
113-2,管理學院,企業管理學系,企業管理學系,學士,學士班,男,112
113-2,管理學院,企業管理學系,企業管理學系,碩士,碩士在職專班,女,28
113-2,管理學院,企業管理學系,企業管理學系,碩士,碩士在職專班,男,14
113-2,管理學院,企業管理學系,企業管理學系,碩士,碩士班,女,40
113-2,管理學院,企業管理學系,企業管理學系,碩士,碩士班,男,27
113-2,管理學院,國際企業學系,國際企業學系,學士,學士班,女,134
113-2,管理學院,國際企業學系,國際企業學系,學士,學士班,男,73
113-2,管理學院,國際企業學系,國際企業學系,碩士,碩士在職專班,女,2
113-2,管理學院,國際企業學系,國際企業學系,碩士,碩士在職專班,男,9
113-2,管理學院,國際企業學系,國際企業學系,碩士,碩士班,女,19
113-2,管理學院,國際企業學系,國際企業學系,碩士,碩士班,男,14
113-2,管理學院,會計學系,會計學系,學士,學士班,女,137
113-2,管理學院,會計學系,會計學系,學士,學士班,男,95
113-2,管理學院,會計學系,會計學系(108新增),碩士,碩士班,女,19
113-2,管理學院,會計學系,會計學系(108新增),碩士,碩士班,男,7
113-2,管理學院,管理學院數位行銷與服務創新國際學士班,管理學院數位行銷與服務創新國際學士班(113新),學士,學士班,女,8
113-2,管理學院,管理學院數位行銷與服務創新國際學士班,管理學院數位行銷與服務創新國際學士班(113新),學士,學士班,男,3
113-2,管理學院,管理學院會計與資訊管理國際學士班,管理學院會計與資訊管理國際學士班(112新),學士,學士班,女,20
113-2,管理學院,管理學院會計與資訊管理國際學士班,管理學院會計與資訊管理國際學士班(112新),學士,學士班,男,13
113-2,管理學院,管理學院管理科學與財金國際學士學位學程,管理學院管理科學與財金國際學士學位學程,學士,學士班,女,60
113-2,管理學院,管理學院管理科學與財金國際學士學位學程,管理學院管理科學與財金國際學士學位學程,學士,學士班,男,50
113-2,管理學院,管理學院高階經營管理碩士在職專班,管理學院高階經營管理碩士在職專班,碩士,碩士在職專班,女,31
113-2,管理學院,管理學院高階經營管理碩士在職專班,管理學院高階經營管理碩士在職專班,碩士,碩士在職專班,男,22
113-2,管理學院,觀光暨休閒遊憩學系,觀光暨休閒遊憩學系,學士,學士班,女,106
113-2,管理學院,觀光暨休閒遊憩學系,觀光暨休閒遊憩學系,學士,學士班,男,80
113-2,管理學院,觀光暨休閒遊憩學系,觀光暨休閒遊憩學系,碩士,碩士班,女,11
113-2,管理學院,觀光暨休閒遊憩學系,觀光暨休閒遊憩學系,碩士,碩士班,男,9
113-2,管理學院,財務金融學系,財務金融學系,學士,學士班,女,124
113-2,管理學院,財務金融學系,財務金融學系,學士,學士班,男,140
113-2,管理學院,財務金融學系,財務金融學系,碩士,碩士班,女,17
113-2,管理學院,財務金融學系,財務金融學系,碩士,碩士班,男,38
113-2,管理學院,資訊管理學系,資訊管理學系,學士,學士班,女,113
113-2,管理學院,資訊管理學系,資訊管理學系,學士,學士班,男,152
113-2,管理學院,資訊管理學系,資訊管理學系(107新增),碩士,碩士班,女,15
113-2,管理學院,資訊管理學系,資訊管理學系(107新增),碩士,碩士班,男,17
113-2,管理學院,資訊管理學系,資訊管理碩士學位學程(107年起停招),碩士,碩士班,女,0
113-2,管理學院,資訊管理學系,資訊管理碩士學位學程(107年起停招),碩士,碩士班,男,1
113-2,管理學院,運籌管理研究所,運籌管理研究所,碩士,碩士班,女,13
113-2,管理學院,運籌管理研究所,運籌管理研究所,碩士,碩士班,男,10
113-2,花師教育學院,幼兒教育學系,幼兒教育學系,學士,學士班,女,138
113-2,花師教育學院,幼兒教育學系,幼兒教育學系,學士,學士班,男,20
113-2,花師教育學院,幼兒教育學系,幼兒教育學系,碩士,碩士在職專班,女,28
113-2,花師教育學院,幼兒教育學系,幼兒教育學系,碩士,碩士在職專班,男,2
113-2,花師教育學院,幼兒教育學系,幼兒教育學系,碩士,碩士班,女,14
113-2,花師教育學院,幼兒教育學系,幼兒教育學系,碩士,碩士班,男,3
113-2,花師教育學院,教育與潛能開發學系,教育與潛能開發學系,博士,博士班,女,72
113-2,花師教育學院,教育與潛能開發學系,教育與潛能開發學系,博士,博士班,男,60
113-2,花師教育學院,教育與潛能開發學系,教育與潛能開發學系,學士,學士班,女,111
113-2,花師教育學院,教育與潛能開發學系,教育與潛能開發學系,學士,學士班,男,52
113-2,花師教育學院,教育與潛能開發學系,教育與潛能開發學系,碩士,碩士在職專班,女,70
113-2,花師教育學院,教育與潛能開發學系,教育與潛能開發學系,碩士,碩士在職專班,男,21
113-2,花師教育學院,教育與潛能開發學系,教育與潛能開發學系,碩士,碩士班,女,63
113-2,花師教育學院,教育與潛能開發學系,教育與潛能開發學系,碩士,碩士班,男,38
113-2,花師教育學院,教育行政與管理學系,教育行政與管理學系,學士,學士班,女,104
113-2,花師教育學院,教育行政與管理學系,教育行政與管理學系,學士,學士班,男,58
113-2,花師教育學院,教育行政與管理學系,教育行政與管理學系,碩士,碩士在職專班,女,71
113-2,花師教育學院,教育行政與管理學系,教育行政與管理學系,碩士,碩士在職專班,男,32
113-2,花師教育學院,教育行政與管理學系,教育行政與管理學系,碩士,碩士班,女,17
113-2,花師教育學院,教育行政與管理學系,教育行政與管理學系,碩士,碩士班,男,10
113-2,花師教育學院,特殊教育學系,特殊教育學系,學士,學士班,女,107
113-2,花師教育學院,特殊教育學系,特殊教育學系,學士,學士班,男,28
113-2,花師教育學院,特殊教育學系,特殊教育學系,碩士,碩士班,女,18
113-2,花師教育學院,特殊教育學系,特殊教育學系,碩士,碩士班,男,2
113-2,花師教育學院,花師教育學院多元文化教育博士班,花師教育學院多元文化教育博士班(113新增),博士,博士班,女,5
113-2,花師教育學院,花師教育學院多元文化教育博士班,花師教育學院多元文化教育博士班(113新增),博士,博士班,男,1
113-2,花師教育學院,花師教育學院多元文化教育碩士班,花師教育學院多元文化教育碩士班(113新增),碩士,碩士班,女,7
113-2,花師教育學院,花師教育學院多元文化教育碩士班,花師教育學院多元文化教育碩士班(113新增),碩士,碩士班,男,2
113-2,花師教育學院,體育與運動科學系,體育與運動科學系,學士,學士班,女,51
113-2,花師教育學院,體育與運動科學系,體育與運動科學系,學士,學士班,男,141
113-2,花師教育學院,體育與運動科學系,體育與運動科學系,碩士,碩士在職專班,女,18
113-2,花師教育學院,體育與運動科學系,體育與運動科學系,碩士,碩士在職專班,男,15
113-2,花師教育學院,體育與運動科學系,體育與運動科學系,碩士,碩士班,女,14
113-2,花師教育學院,體育與運動科學系,體育與運動科學系,碩士,碩士班,男,13
113-2,藝術學院,藝術創意產業學系,藝術創意產業學系,學士,學士班,女,173
113-2,藝術學院,藝術創意產業學系,藝術創意產業學系,學士,學士班,男,33
113-2,藝術學院,藝術創意產業學系,藝術創意產業學系,碩士,碩士在職專班,女,12
113-2,藝術學院,藝術創意產業學系,藝術創意產業學系,碩士,碩士在職專班,男,8
113-2,藝術學院,藝術創意產業學系,藝術創意產業學系,碩士,碩士班,女,31
113-2,藝術學院,藝術創意產業學系,藝術創意產業學系,碩士,碩士班,男,10
113-2,藝術學院,藝術學院藝術跨領域國際博士班,藝術學院藝術跨領域國際博士班(113新增),博士,博士班,女,0
113-2,藝術學院,藝術學院藝術跨領域國際博士班,藝術學院藝術跨領域國際博士班(113新增),博士,博士班,男,2
113-2,藝術學院,藝術與設計學系,藝術與設計學系,學士,學士班,女,163
113-2,藝術學院,藝術與設計學系,藝術與設計學系,學士,學士班,男,54
113-2,藝術學院,藝術與設計學系,藝術與設計學系,碩士,碩士班,女,39
113-2,藝術學院,藝術與設計學系,藝術與設計學系,碩士,碩士班,男,14
113-2,藝術學院,音樂學系,音樂學系,學士,學士班,女,43
113-2,藝術學院,音樂學系,音樂學系,學士,學士班,男,34
113-2,藝術學院,音樂學系,音樂學系,碩士,碩士班,女,12
113-2,藝術學院,音樂學系,音樂學系,碩士,碩士班,男,13
114-1,人文社會科學學院,中國語文學系,中國語文學系,博士,博士班,女,16
114-1,人文社會科學學院,中國語文學系,中國語文學系,博士,博士班,男,15
114-1,人文社會科學學院,中國語文學系,中國語文學系,學士,學士班,女,107
114-1,人文社會科學學院,中國語文學系,中國語文學系,學士,學士班,男,49
114-1,人文社會科學學院,中國語文學系,中國語文學系,碩士,碩士班,女,17
114-1,人文社會科學學院,中國語文學系,中國語文學系,碩士,碩士班,男,7
114-1,人文社會科學學院,人文社會科學學院亞太區域研究博士班,人文社會科學學院亞太區域研究博士班(109新增),博士,博士班,女,12
114-1,人文社會科學學院,人文社會科學學院亞太區域研究博士班,人文社會科學學院亞太區域研究博士班(109新增),博士,博士班,男,28
114-1,人文社會科學學院,人文社會科學學院華語文教學國際博士班,人文社會科學學院華語文教學國際博士班(108新增),博士,博士班,女,6
114-1,人文社會科學學院,人文社會科學學院華語文教學國際博士班,人文社會科學學院華語文教學國際博士班(108新增),博士,博士班,男,2
114-1,人文社會科學學院,人文社會科學學院華語文教學暨書法國際碩士班,人文社會科學學院華語文教學暨書法國際碩士班(111新增),碩士,碩士班,女,7
114-1,人文社會科學學院,人文社會科學學院華語文教學暨書法國際碩士班,人文社會科學學院華語文教學暨書法國際碩士班(111新增),碩士,碩士班,男,0
114-1,人文社會科學學院,公共行政學系,公共行政學系,學士,學士班,女,99
114-1,人文社會科學學院,公共行政學系,公共行政學系,學士,學士班,男,56
114-1,人文社會科學學院,公共行政學系,公共行政學系,碩士,碩士在職專班,女,15
114-1,人文社會科學學院,公共行政學系,公共行政學系,碩士,碩士在職專班,男,16
114-1,人文社會科學學院,公共行政學系,公共行政學系,碩士,碩士班,女,6
114-1,人文社會科學學院,公共行政學系,公共行政學系,碩士,碩士班,男,6
114-1,人文社會科學學院,歷史學系,歷史學系,學士,學士班,女,87
114-1,人文社會科學學院,歷史學系,歷史學系,學士,學士班,男,132
114-1,人文社會科學學院,歷史學系,歷史學系,碩士,碩士班,女,3
114-1,人文社會科學學院,歷史學系,歷史學系,碩士,碩士班,男,10
114-1,人文社會科學學院,法律學系,法律學士學位學程(108停招),學士,學士班,女,0
114-1,人文社會科學學院,法律學系,法律學士學位學程(108停招),學士,學士班,男,1
114-1,人文社會科學學院,法律學系,法律學系(108新增),學士,學士班,女,87
114-1,人文社會科學學院,法律學系,法律學系(108新增),學士,學士班,男,48
114-1,人文社會科學學院,法律學系,法律學系(109新增),碩士,碩士班,女,25
114-1,人文社會科學學院,法律學系,法律學系(109新增),碩士,碩士班,男,17
114-1,人文社會科學學院,法律學系,法律學系原住民專班(108新增),學士,學士班,女,47
114-1,人文社會科學學院,法律學系,法律學系原住民專班(108新增),學士,學士班,男,24
114-1,人文社會科學學院,社會學系,社會學系,學士,學士班,女,93
114-1,人文社會科學學院,社會學系,社會學系,學士,學士班,男,71
114-1,人文社會科學學院,社會學系,社會學系,碩士,碩士班,女,15
114-1,人文社會科學學院,社會學系,社會學系,碩士,碩士班,男,6
114-1,人文社會科學學院,經濟學系,經濟學系,博士,博士班,女,8
114-1,人文社會科學學院,經濟學系,經濟學系,博士,博士班,男,6
114-1,人文社會科學學院,經濟學系,經濟學系,學士,學士班,女,77
114-1,人文社會科學學院,經濟學系,經濟學系,學士,學士班,男,124
114-1,人文社會科學學院,經濟學系,經濟學系,碩士,碩士班,女,3
114-1,人文社會科學學院,經濟學系,經濟學系,碩士,碩士班,男,10
114-1,人文社會科學學院,臺灣文化學系,臺灣文化學系,學士,學士班,女,44
114-1,人文社會科學學院,臺灣文化學系,臺灣文化學系,學士,學士班,男,80
114-1,人文社會科學學院,臺灣文化學系,臺灣文化學系,碩士,碩士在職專班,女,4
114-1,人文社會科學學院,臺灣文化學系,臺灣文化學系,碩士,碩士在職專班,男,1
114-1,人文社會科學學院,臺灣文化學系,臺灣文化學系,碩士,碩士班,女,8
114-1,人文社會科學學院,臺灣文化學系,臺灣文化學系,碩士,碩士班,男,17
114-1,人文社會科學學院,英美語文學系,英美語文學系,學士,學士班,女,97
114-1,人文社會科學學院,英美語文學系,英美語文學系,學士,學士班,男,74
114-1,人文社會科學學院,英美語文學系,英美語文學系,碩士,碩士班,女,18
114-1,人文社會科學學院,英美語文學系,英美語文學系,碩士,碩士班,男,6
114-1,人文社會科學學院,華文文學系,華文文學系,學士,學士班,女,112
114-1,人文社會科學學院,華文文學系,華文文學系,學士,學士班,男,58
114-1,人文社會科學學院,華文文學系,華文文學系,碩士,碩士班,女,27
114-1,人文社會科學學院,華文文學系,華文文學系,碩士,碩士班,男,15
114-1,人文社會科學學院,諮商與臨床心理學系,諮商與臨床心理學系,學士,學士班,女,166
114-1,人文社會科學學院,諮商與臨床心理學系,諮商與臨床心理學系,學士,學士班,男,79
114-1,人文社會科學學院,諮商與臨床心理學系,諮商與臨床心理學系,碩士,碩士班,女,91
114-1,人文社會科學學院,諮商與臨床心理學系,諮商與臨床心理學系,碩士,碩士班,男,45
114-1,原住民民族學院,原住民族樂舞與藝術學士學位學程,原住民族樂舞與藝術學士學位學程(108新增),學士,學士班,女,29
114-1,原住民民族學院,原住民族樂舞與藝術學士學位學程,原住民族樂舞與藝術學士學位學程(108新增),學士,學士班,男,24
114-1,原住民民族學院,原住民民族學院原住民族研究國際博士班,原住民民族學院原住民族研究國際博士班(112新增),博士,博士班,女,4
114-1,原住民民族學院,原住民民族學院原住民族研究國際博士班,原住民民族學院原住民族研究國際博士班(112新增),博士,博士班,男,0
114-1,原住民民族學院,族群關係與文化學系,族群關係與文化學系,博士,博士班,女,10
114-1,原住民民族學院,族群關係與文化學系,族群關係與文化學系,博士,博士班,男,16
114-1,原住民民族學院,族群關係與文化學系,族群關係與文化學系,學士,學士班,女,76
114-1,原住民民族學院,族群關係與文化學系,族群關係與文化學系,學士,學士班,男,52
114-1,原住民民族學院,族群關係與文化學系,族群關係與文化學系,碩士,碩士在職專班,女,10
114-1,原住民民族學院,族群關係與文化學系,族群關係與文化學系,碩士,碩士在職專班,男,3
114-1,原住民民族學院,族群關係與文化學系,族群關係與文化學系,碩士,碩士班,女,17
114-1,原住民民族學院,族群關係與文化學系,族群關係與文化學系,碩士,碩士班,男,9
114-1,原住民民族學院,民族發展與社會工作學系,民族發展與社會工作學系(113更名),學士,學士班,女,74
114-1,原住民民族學院,民族發展與社會工作學系,民族發展與社會工作學系(113更名),學士,學士班,男,34
114-1,原住民民族學院,民族發展與社會工作學系,民族發展與社會工作學系(113更名),碩士,碩士在職專班,女,39
114-1,原住民民族學院,民族發展與社會工作學系,民族發展與社會工作學系(113更名),碩士,碩士在職專班,男,19
114-1,原住民民族學院,民族發展與社會工作學系,民族發展與社會工作學系(113更名),碩士,碩士班,女,17
114-1,原住民民族學院,民族發展與社會工作學系,民族發展與社會工作學系(113更名),碩士,碩士班,男,9
114-1,原住民民族學院,民族發展與社會工作學系,民族社會工作學士學位學程(113停招),學士,學士班,女,39
114-1,原住民民族學院,民族發展與社會工作學系,民族社會工作學士學位學程(113停招),學士,學士班,男,13
114-1,原住民民族學院,民族語言與傳播學系,民族語言與傳播學系,學士,學士班,女,62
114-1,原住民民族學院,民族語言與傳播學系,民族語言與傳播學系,學士,學士班,男,63
114-1,洄瀾學院,縱谷跨域書院學士學位學程,縱谷跨域書院學士學位學程(111新增),學士,學士班,女,55
114-1,洄瀾學院,縱谷跨域書院學士學位學程,縱谷跨域書院學士學位學程(111新增),學士,學士班,男,49
114-1,理工學院,光電工程學系,光電工程學系,學士,學士班,女,45
114-1,理工學院,光電工程學系,光電工程學系,學士,學士班,男,153
114-1,理工學院,光電工程學系,光電工程學系,碩士,碩士班,女,7
114-1,理工學院,光電工程學系,光電工程學系,碩士,碩士班,男,27
114-1,理工學院,化學系,化學系,博士,博士班,女,5
114-1,理工學院,化學系,化學系,博士,博士班,男,5
114-1,理工學院,化學系,化學系,學士,學士班,女,86
114-1,理工學院,化學系,化學系,學士,學士班,男,114
114-1,理工學院,化學系,化學系,碩士,碩士班,女,5
114-1,理工學院,化學系,化學系,碩士,碩士班,男,16
114-1,理工學院,應用數學系,應用數學系,博士,博士班,女,0
114-1,理工學院,應用數學系,應用數學系,博士,博士班,男,6
114-1,理工學院,應用數學系,應用數學系,學士,學士班,女,57
114-1,理工學院,應用數學系,應用數學系,學士,學士班,男,182
114-1,理工學院,應用數學系,應用數學系,碩士,碩士班,女,6
114-1,理工學院,應用數學系,應用數學系,碩士,碩士班,男,21
114-1,理工學院,材料科學與工程學系,材料科學與工程學系,博士,博士班,女,4
114-1,理工學院,材料科學與工程學系,材料科學與工程學系,博士,博士班,男,7
114-1,理工學院,材料科學與工程學系,材料科學與工程學系,學士,學士班,女,85
114-1,理工學院,材料科學與工程學系,材料科學與工程學系,學士,學士班,男,160
114-1,理工學院,材料科學與工程學系,材料科學與工程學系,碩士,碩士班,女,5
114-1,理工學院,材料科學與工程學系,材料科學與工程學系,碩士,碩士班,男,23
114-1,理工學院,物理學系,物理學系,博士,博士班,女,7
114-1,理工學院,物理學系,物理學系,博士,博士班,男,9
114-1,理工學院,物理學系,物理學系,學士,學士班,女,46
114-1,理工學院,物理學系,物理學系,學士,學士班,男,187
114-1,理工學院,物理學系,物理學系,碩士,碩士班,女,3
114-1,理工學院,物理學系,物理學系,碩士,碩士班,男,13
114-1,理工學院,理工學院大數據科學國際學士班,理工學院大數據科學國際學士班(113新增),學士,學士班,女,21
114-1,理工學院,理工學院大數據科學國際學士班,理工學院大數據科學國際學士班(113新增),學士,學士班,男,24
114-1,理工學院,生化暨分子醫學科學系,生化暨分子醫學科學系(113更名),博士,博士班,女,3
114-1,理工學院,生化暨分子醫學科學系,生化暨分子醫學科學系(113更名),博士,博士班,男,3
114-1,理工學院,生化暨分子醫學科學系,生化暨分子醫學科學系(113更名),學士,學士班,女,81
114-1,理工學院,生化暨分子醫學科學系,生化暨分子醫學科學系(113更名),學士,學士班,男,89
114-1,理工學院,生化暨分子醫學科學系,生化暨分子醫學科學系(113更名),碩士,碩士班,女,5
114-1,理工學院,生化暨分子醫學科學系,生化暨分子醫學科學系(113更名),碩士,碩士班,男,7
114-1,理工學院,資訊工程學系,資訊工程學系,博士,博士班,女,3
114-1,理工學院,資訊工程學系,資訊工程學系,博士,博士班,男,9
114-1,理工學院,資訊工程學系,資訊工程學系,學士,學士班,女,160
114-1,理工學院,資訊工程學系,資訊工程學系,學士,學士班,男,403
114-1,理工學院,資訊工程學系,資訊工程學系,碩士,碩士在職專班,女,1
114-1,理工學院,資訊工程學系,資訊工程學系,碩士,碩士在職專班,男,3
114-1,理工學院,資訊工程學系,資訊工程學系,碩士,碩士班,女,44
114-1,理工學院,資訊工程學系,資訊工程學系,碩士,碩士班,男,128
114-1,理工學院,電機工程學系,電機工程學系,博士,博士班,女,1
114-1,理工學院,電機工程學系,電機工程學系,博士,博士班,男,4
114-1,理工學院,電機工程學系,電機工程學系,學士,學士班,女,59
114-1,理工學院,電機工程學系,電機工程學系,學士,學士班,男,217
114-1,理工學院,電機工程學系,電機工程學系,碩士,碩士班,女,3
114-1,理工學院,電機工程學系,電機工程學系,碩士,碩士班,男,55
114-1,環境暨海洋學院,人文與環境碩士學位學程,人文與環境碩士學位學程,碩士,碩士班,女,4
114-1,環境暨海洋學院,人文與環境碩士學位學程,人文與環境碩士學位學程,碩士,碩士班,男,0
114-1,環境暨海洋學院,海洋生物研究所,海洋生物研究所,博士,博士班,女,2
114-1,環境暨海洋學院,海洋生物研究所,海洋生物研究所,博士,博士班,男,3
114-1,環境暨海洋學院,海洋生物研究所,海洋生物研究所,碩士,碩士班,女,6
114-1,環境暨海洋學院,海洋生物研究所,海洋生物研究所,碩士,碩士班,男,19
114-1,環境暨海洋學院,自然資源與環境學系,自然資源與環境學系,博士,博士班,女,11
114-1,環境暨海洋學院,自然資源與環境學系,自然資源與環境學系,博士,博士班,男,24
114-1,環境暨海洋學院,自然資源與環境學系,自然資源與環境學系,學士,學士班,女,86
114-1,環境暨海洋學院,自然資源與環境學系,自然資源與環境學系,學士,學士班,男,129
114-1,環境暨海洋學院,自然資源與環境學系,自然資源與環境學系,碩士,碩士班,女,35
114-1,環境暨海洋學院,自然資源與環境學系,自然資源與環境學系,碩士,碩士班,男,32
114-1,管理學院,企業管理學系,企業管理學系,博士,博士班,女,22
114-1,管理學院,企業管理學系,企業管理學系,博士,博士班,男,18
114-1,管理學院,企業管理學系,企業管理學系,學士,學士班,女,118
114-1,管理學院,企業管理學系,企業管理學系,學士,學士班,男,106
114-1,管理學院,企業管理學系,企業管理學系,碩士,碩士在職專班,女,28
114-1,管理學院,企業管理學系,企業管理學系,碩士,碩士在職專班,男,18
114-1,管理學院,企業管理學系,企業管理學系,碩士,碩士班,女,44
114-1,管理學院,企業管理學系,企業管理學系,碩士,碩士班,男,20
114-1,管理學院,國際企業學系,國際企業學系,學士,學士班,女,124
114-1,管理學院,國際企業學系,國際企業學系,學士,學士班,男,78
114-1,管理學院,國際企業學系,國際企業學系,碩士,碩士在職專班,女,1
114-1,管理學院,國際企業學系,國際企業學系,碩士,碩士在職專班,男,3
114-1,管理學院,國際企業學系,國際企業學系,碩士,碩士班,女,18
114-1,管理學院,國際企業學系,國際企業學系,碩士,碩士班,男,12
114-1,管理學院,會計學系,會計學系,學士,學士班,女,134
114-1,管理學院,會計學系,會計學系,學士,學士班,男,102
114-1,管理學院,會計學系,會計學系(108新增),碩士,碩士班,女,17
114-1,管理學院,會計學系,會計學系(108新增),碩士,碩士班,男,11
114-1,管理學院,管理學院數位行銷與服務創新國際學士班,管理學院數位行銷與服務創新國際學士班(113新),學士,學士班,女,16
114-1,管理學院,管理學院數位行銷與服務創新國際學士班,管理學院數位行銷與服務創新國際學士班(113新),學士,學士班,男,6
114-1,管理學院,管理學院會計與資訊管理國際學士班,管理學院會計與資訊管理國際學士班(112新),學士,學士班,女,33
114-1,管理學院,管理學院會計與資訊管理國際學士班,管理學院會計與資訊管理國際學士班(112新),學士,學士班,男,20
114-1,管理學院,管理學院管理科學與財金國際學士學位學程,管理學院管理科學與財金國際學士學位學程,學士,學士班,女,58
114-1,管理學院,管理學院管理科學與財金國際學士學位學程,管理學院管理科學與財金國際學士學位學程,學士,學士班,男,56
114-1,管理學院,管理學院高階經營管理碩士在職專班,管理學院高階經營管理碩士在職專班,碩士,碩士在職專班,女,32
114-1,管理學院,管理學院高階經營管理碩士在職專班,管理學院高階經營管理碩士在職專班,碩士,碩士在職專班,男,25
114-1,管理學院,觀光暨休閒遊憩學系,觀光暨休閒遊憩學系,學士,學士班,女,117
114-1,管理學院,觀光暨休閒遊憩學系,觀光暨休閒遊憩學系,學士,學士班,男,80
114-1,管理學院,觀光暨休閒遊憩學系,觀光暨休閒遊憩學系,碩士,碩士班,女,14
114-1,管理學院,觀光暨休閒遊憩學系,觀光暨休閒遊憩學系,碩士,碩士班,男,8
114-1,管理學院,財務金融學系,財務金融學系,學士,學士班,女,124
114-1,管理學院,財務金融學系,財務金融學系,學士,學士班,男,133
114-1,管理學院,財務金融學系,財務金融學系,碩士,碩士班,女,14
114-1,管理學院,財務金融學系,財務金融學系,碩士,碩士班,男,30
114-1,管理學院,資訊管理學系,資訊管理學系,學士,學士班,女,120
114-1,管理學院,資訊管理學系,資訊管理學系,學士,學士班,男,159
114-1,管理學院,資訊管理學系,資訊管理學系(107新增),碩士,碩士班,女,16
114-1,管理學院,資訊管理學系,資訊管理學系(107新增),碩士,碩士班,男,13
114-1,管理學院,資訊管理學系,資訊管理碩士學位學程(107年起停招),碩士,碩士班,女,0
114-1,管理學院,資訊管理學系,資訊管理碩士學位學程(107年起停招),碩士,碩士班,男,1
114-1,管理學院,運籌管理研究所,運籌管理研究所,碩士,碩士班,女,6
114-1,管理學院,運籌管理研究所,運籌管理研究所,碩士,碩士班,男,11
114-1,花師教育學院,幼兒教育學系,幼兒教育學系,學士,學士班,女,139
114-1,花師教育學院,幼兒教育學系,幼兒教育學系,學士,學士班,男,21
114-1,花師教育學院,幼兒教育學系,幼兒教育學系,碩士,碩士在職專班,女,28
114-1,花師教育學院,幼兒教育學系,幼兒教育學系,碩士,碩士在職專班,男,1
114-1,花師教育學院,幼兒教育學系,幼兒教育學系,碩士,碩士班,女,15
114-1,花師教育學院,幼兒教育學系,幼兒教育學系,碩士,碩士班,男,3
114-1,花師教育學院,教育與潛能開發學系,教育與潛能開發學系,博士,博士班,女,71
114-1,花師教育學院,教育與潛能開發學系,教育與潛能開發學系,博士,博士班,男,59
114-1,花師教育學院,教育與潛能開發學系,教育與潛能開發學系,學士,學士班,女,122
114-1,花師教育學院,教育與潛能開發學系,教育與潛能開發學系,學士,學士班,男,45
114-1,花師教育學院,教育與潛能開發學系,教育與潛能開發學系,碩士,碩士在職專班,女,63
114-1,花師教育學院,教育與潛能開發學系,教育與潛能開發學系,碩士,碩士在職專班,男,19
114-1,花師教育學院,教育與潛能開發學系,教育與潛能開發學系,碩士,碩士班,女,53
114-1,花師教育學院,教育與潛能開發學系,教育與潛能開發學系,碩士,碩士班,男,41
114-1,花師教育學院,教育行政與管理學系,教育行政與管理學系,學士,學士班,女,95
114-1,花師教育學院,教育行政與管理學系,教育行政與管理學系,學士,學士班,男,64
114-1,花師教育學院,教育行政與管理學系,教育行政與管理學系,碩士,碩士在職專班,女,75
114-1,花師教育學院,教育行政與管理學系,教育行政與管理學系,碩士,碩士在職專班,男,35
114-1,花師教育學院,教育行政與管理學系,教育行政與管理學系,碩士,碩士班,女,22
114-1,花師教育學院,教育行政與管理學系,教育行政與管理學系,碩士,碩士班,男,9
114-1,花師教育學院,特殊教育學系,特殊教育學系,學士,學士班,女,99
114-1,花師教育學院,特殊教育學系,特殊教育學系,學士,學士班,男,34
114-1,花師教育學院,特殊教育學系,特殊教育學系,碩士,碩士班,女,22
114-1,花師教育學院,特殊教育學系,特殊教育學系,碩士,碩士班,男,3
114-1,花師教育學院,花師教育學院多元文化教育博士班,花師教育學院多元文化教育博士班(113新增),博士,博士班,女,5
114-1,花師教育學院,花師教育學院多元文化教育博士班,花師教育學院多元文化教育博士班(113新增),博士,博士班,男,3
114-1,花師教育學院,花師教育學院多元文化教育碩士班,花師教育學院多元文化教育碩士班(113新增),碩士,碩士班,女,12
114-1,花師教育學院,花師教育學院多元文化教育碩士班,花師教育學院多元文化教育碩士班(113新增),碩士,碩士班,男,3
114-1,花師教育學院,體育與運動科學系,體育與運動科學系,學士,學士班,女,56
114-1,花師教育學院,體育與運動科學系,體育與運動科學系,學士,學士班,男,143
114-1,花師教育學院,體育與運動科學系,體育與運動科學系,碩士,碩士在職專班,女,31
114-1,花師教育學院,體育與運動科學系,體育與運動科學系,碩士,碩士在職專班,男,24
114-1,花師教育學院,體育與運動科學系,體育與運動科學系,碩士,碩士班,女,11
114-1,花師教育學院,體育與運動科學系,體育與運動科學系,碩士,碩士班,男,14
114-1,藝術學院,藝術創意產業學系,藝術創意產業學系,學士,學士班,女,172
114-1,藝術學院,藝術創意產業學系,藝術創意產業學系,學士,學士班,男,40
114-1,藝術學院,藝術創意產業學系,藝術創意產業學系,碩士,碩士在職專班,女,12
114-1,藝術學院,藝術創意產業學系,藝術創意產業學系,碩士,碩士在職專班,男,9
114-1,藝術學院,藝術創意產業學系,藝術創意產業學系,碩士,碩士班,女,24
114-1,藝術學院,藝術創意產業學系,藝術創意產業學系,碩士,碩士班,男,9
114-1,藝術學院,藝術學院藝術跨領域國際博士班,藝術學院藝術跨領域國際博士班(113新增),博士,博士班,女,1
114-1,藝術學院,藝術學院藝術跨領域國際博士班,藝術學院藝術跨領域國際博士班(113新增),博士,博士班,男,1
114-1,藝術學院,藝術與設計學系,藝術與設計學系,學士,學士班,女,152
114-1,藝術學院,藝術與設計學系,藝術與設計學系,學士,學士班,男,66
114-1,藝術學院,藝術與設計學系,藝術與設計學系,碩士,碩士班,女,45
114-1,藝術學院,藝術與設計學系,藝術與設計學系,碩士,碩士班,男,11
114-1,藝術學院,音樂學系,音樂學系,學士,學士班,女,36
114-1,藝術學院,音樂學系,音樂學系,學士,學士班,男,38
114-1,藝術學院,音樂學系,音樂學系,碩士,碩士班,女,17
114-1,藝術學院,音樂學系,音樂學系,碩士,碩士班,男,15
