college,dept_raw,program_raw,gender,count
人文社會科學學院,人文社會科學學院亞太區域研究博士班(109新增 ),博士班,女,12
人文社會科學學院,人文社會科學學院亞太區域研究博士班(109新增 ),博士班,男,28
人文社會科學學院,人文社會科學學院華語文教學國際博士班(108新增),博士班,女,6
人文社會科學學院,人文社會科學學院華語文教學國際博士班(108新增),博士班,男,2
人文社會科學學院,中國語文學系,博士班,女,16
人文社會科學學院,中國語文學系,博士班,男,15
人文社會科學學院,經濟學系,博士班,女,8
人文社會科學學院,經濟學系,博士班,男,6
花師教育學院,花師教育學院多元文化教育博士班(113新增),博士班,女,5
花師教育學院,花師教育學院多元文化教育博士班(113新增),博士班,男,3
花師教育學院,教育與潛能開發學系,博士班,女,71
花師教育學院,教育與潛能開發學系,博士班,男,59
原住民民族學院,原住民民族學院原住民族研究國際博士班(112新增),博士班,女,4
原住民民族學院,原住民民族學院原住民族研究國際博士班(112新增),博士班,男,0
原住民民族學院,族群關係與文化學系,博士班,女,10
原住民民族學院,族群關係與文化學系,博士班,男,16
理工學院,化學系,博士班,女,5
理工學院,化學系,博士班,男,5
理工學院,生化暨分子醫學科學系(113更名),博士班,女,3
理工學院,生化暨分子醫學科學系(113更名),博士班,男,3
理工學院,材料科學與工程學系,博士班,女,4
理工學院,材料科學與工程學系,博士班,男,7
理工學院,物理學系,博士班,女,7
理工學院,物理學系,博士班,男,9
理工學院,資訊工程學系,博士班,女,3
理工學院,資訊工程學系,博士班,男,9
理工學院,電機工程學系,博士班,女,1
理工學院,電機工程學系,博士班,男,4
理工學院,應用數學系,博士班,女,0
理工學院,應用數學系,博士班,男,6
管理學院,企業管理學系,博士班,女,22
管理學院,企業管理學系,博士班,男,18
環境暨海洋學院,自然資源與環境學系,博士班,女,11
環境暨海洋學院,自然資源與環境學系,博士班,男,24
環境暨海洋學院,海洋生物研究所,博士班,女,2
環境暨海洋學院,海洋生物研究所,博士班,男,3
藝術學院,藝術學院藝術跨領域國際博士班(113新增),博士班,女,1
藝術學院,藝術學院藝術跨領域國際博士班(113新增),博士班,男,1
人文社會科學學院,人文社會科學學院華語文教學暨書法國際碩士班(111新增),碩士班,女,7
人文社會科學學院,人文社會科學學院華語文教學暨書法國際碩士班(111新增),碩士班,男,0
人文社會科學學院,中國語文學系,碩士班,女,17
人文社會科學學院,中國語文學系,碩士班,男,7
人文社會科學學院,公共行政學系,碩士班,女,6
人文社會科學學院,公共行政學系,碩士班,男,6
人文社會科學學院,法律學系(109新增),碩士班,女,25
人文社會科學學院,法律學系(109新增),碩士班,男,17
人文社會科學學院,社會學系,碩士班,女,15
人文社會科學學院,社會學系,碩士班,男,6
人文社會科學學院,英美語文學系,碩士班,女,18
人文社會科學學院,英美語文學系,碩士班,男,6
人文社會科學學院,華文文學系,碩士班,女,27
人文社會科學學院,華文文學系,碩士班,男,15
人文社會科學學院,經濟學系,碩士班,女,3
人文社會科學學院,經濟學系,碩士班,男,10
人文社會科學學院,臺灣文化學系,碩士班,女,8
人文社會科學學院,臺灣文化學系,碩士班,男,17
人文社會科學學院,歷史學系,碩士班,女,3
人文社會科學學院,歷史學系,碩士班,男,10
人文社會科學學院,諮商與臨床心理學系,碩士班,女,91
人文社會科學學院,諮商與臨床心理學系,碩士班,男,45
花師教育學院,幼兒教育學系,碩士班,女,15
花師教育學院,幼兒教育學系,碩士班,男,3
花師教育學院,花師教育學院多元文化教育碩士班(113新增),碩士班,女,12
花師教育學院,花師教育學院多元文化教育碩士班(113新增),碩士班,男,3
花師教育學院,特殊教育學系,碩士班,女,22
花師教育學院,特殊教育學系,碩士班,男,3
花師教育學院,教育行政與管理學系,碩士班,女,22
花師教育學院,教育行政與管理學系,碩士班,男,9
花師教育學院,教育與潛能開發學系,碩士班,女,53
花師教育學院,教育與潛能開發學系,碩士班,男,41
花師教育學院,體育與運動科學系,碩士班,女,11
花師教育學院,體育與運動科學系,碩士班,男,14
原住民民族學院,民族發展與社會工作學系(113更名),碩士班,女,17
原住民民族學院,民族發展與社會工作學系(113更名),碩士班,男,9
原住民民族學院,族群關係與文化學系,碩士班,女,17
原住民民族學院,族群關係與文化學系,碩士班,男,9
理工學院,化學系,碩士班,女,5
理工學院,化學系,碩士班,男,16
理工學院,生化暨分子醫學科學系(113更名),碩士班,女,5
理工學院,生化暨分子醫學科學系(113更名),碩士班,男,7
理工學院,光電工程學系,碩士班,女,7
理工學院,光電工程學系,碩士班,男,27
理工學院,材料科學與工程學系,碩士班,女,5
理工學院,材料科學與工程學系,碩士班,男,23
理工學院,物理學系,碩士班,女,3
理工學院,物理學系,碩士班,男,13
理工學院,資訊工程學系,碩士班,女,44
理工學院,資訊工程學系,碩士班,男,128
理工學院,電機工程學系,碩士班,女,3
理工學院,電機工程學系,碩士班,男,55
理工學院,應用數學系,碩士班,女,6
理工學院,應用數學系,碩士班,男,21
管理學院,企業管理學系,碩士班,女,44
管理學院,企業管理學系,碩士班,男,20
管理學院,財務金融學系,碩士班,女,14
管理學院,財務金融學系,碩士班,男,30
管理學院,國際企業學系,碩士班,女,18
管理學院,國際企業學系,碩士班,男,12
管理學院,會計學系(108新增),碩士班,女,17
管理學院,會計學系(108新增),碩士班,男,11
管理學院,資訊管理碩士學位學程(107年起停招),碩士班,女,0
管理學院,資訊管理碩士學位學程(107年起停招),碩士班,男,1
管理學院,資訊管理學系(107新增),碩士班,女,16
管理學院,資訊管理學系(107新增),碩士班,男,13
管理學院,運籌管理研究所,碩士班,女,6
管理學院,運籌管理研究所,碩士班,男,11
管理學院,觀光暨休閒遊憩學系,碩士班,女,14
管理學院,觀光暨休閒遊憩學系,碩士班,男,8
環境暨海洋學院,人文與環境碩士學位學程,碩士班,女,4
環境暨海洋學院,人文與環境碩士學位學程,碩士班,男,0
環境暨海洋學院,自然資源與環境學系,碩士班,女,35
環境暨海洋學院,自然資源與環境學系,碩士班,男,32
環境暨海洋學院,海洋生物研究所,碩士班,女,6
環境暨海洋學院,海洋生物研究所,碩士班,男,19
藝術學院,音樂學系,碩士班,女,17
藝術學院,音樂學系,碩士班,男,15
藝術學院,藝術創意產業學系,碩士班,女,24
藝術學院,藝術創意產業學系,碩士班,男,9
藝術學院,藝術與設計學系,碩士班,女,45
藝術學院,藝術與設計學系,碩士班,男,11
人文社會科學學院,公共行政學系,碩士在職專班,女,15
人文社會科學學院,公共行政學系,碩士在職專班,男,16
人文社會科學學院,臺灣文化學系,碩士在職專班,女,4
人文社會科學學院,臺灣文化學系,碩士在職專班,男,1
花師教育學院,幼兒教育學系,碩士在職專班,女,28
花師教育學院,幼兒教育學系,碩士在職專班,男,1
花師教育學院,教育行政與管理學系,碩士在職專班,女,75
花師教育學院,教育行政與管理學系,碩士在職專班,男,35
花師教育學院,教育與潛能開發學系,碩士在職專班,女,63
花師教育學院,教育與潛能開發學系,碩士在職專班,男,19
花師教育學院,體育與運動科學系,碩士在職專班,女,31
花師教育學院,體育與運動科學系,碩士在職專班,男,24
原住民民族學院,民族發展與社會工作學系(113更名),碩士在職專班,女,39
原住民民族學院,民族發展與社會工作學系(113更名),碩士在職專班,男,19
原住民民族學院,族群關係與文化學系,碩士在職專班,女,10
原住民民族學院,族群關係與文化學系,碩士在職專班,男,3
理工學院,資訊工程學系,碩士在職專班,女,1
理工學院,資訊工程學系,碩士在職專班,男,3
管理學院,企業管理學系,碩士在職專班,女,28
管理學院,企業管理學系,碩士在職專班,男,18
管理學院,國際企業學系,碩士在職專班,女,1
管理學院,國際企業學系,碩士在職專班,男,3
管理學院,管理學院高階經營管理碩士在職專班,碩士在職專班,女,32
管理學院,管理學院高階經營管理碩士在職專班,碩士在職專班,男,25
藝術學院,藝術創意產業學系,碩士在職專班,女,12
藝術學院,藝術創意產業學系,碩士在職專班,男,9
人文社會科學學院,中國語文學系,學士班,女,107
人文社會科學學院,中國語文學系,學士班,男,49
人文社會科學學院,公共行政學系,學士班,女,99
人文社會科學學院,公共行政學系,學士班,男,56
人文社會科學學院,法律學士學位學程(108停招),學士班,女,0
人文社會科學學院,法律學士學位學程(108停招),學士班,男,1
人文社會科學學院,法律學系原住民專班(108新增),學士班,女,47
人文社會科學學院,法律學系原住民專班(108新增),學士班,男,24
人文社會科學學院,法律學系(108新增),學士班,女,87
人文社會科學學院,法律學系(108新增),學士班,男,48
人文社會科學學院,社會學系,學士班,女,93
人文社會科學學院,社會學系,學士班,男,71
人文社會科學學院,英美語文學系,學士班,女,97
人文社會科學學院,英美語文學系,學士班,男,74
人文社會科學學院,華文文學系,學士班,女,112
人文社會科學學院,華文文學系,學士班,男,58
人文社會科學學院,經濟學系,學士班,女,77
人文社會科學學院,經濟學系,學士班,男,124
人文社會科學學院,臺灣文化學系,學士班,女,44
人文社會科學學院,臺灣文化學系,學士班,男,80
人文社會科學學院,歷史學系,學士班,女,87
人文社會科學學院,歷史學系,學士班,男,132
人文社會科學學院,諮商與臨床心理學系,學士班,女,166
人文社會科學學院,諮商與臨床心理學系,學士班,男,79
花師教育學院,幼兒教育學系,學士班,女,139
花師教育學院,幼兒教育學系,學士班,男,21
花師教育學院,特殊教育學系,學士班,女,99
花師教育學院,特殊教育學系,學士班,男,34
花師教育學院,教育行政與管理學系,學士班,女,95
花師教育學院,教育行政與管理學系,學士班,男,64
花師教育學院,教育與潛能開發學系,學士班,女,122
花師教育學院,教育與潛能開發學系,學士班,男,45
花師教育學院,體育與運動科學系,學士班,女,56
花師教育學院,體育與運動科學系,學士班,男,143
洄瀾學院,縱谷跨域書院學士學位學程(111新增),學士班,女,55
洄瀾學院,縱谷跨域書院學士學位學程(111新增),學士班,男,49
原住民民族學院,民族社會工作學士學位學程(113停招),學士班,女,39
原住民民族學院,民族社會工作學士學位學程(113停招),學士班,男,13
原住民民族學院,民族發展與社會工作學系(113更名),學士班,女,74
原住民民族學院,民族發展與社會工作學系(113更名),學士班,男,34
原住民民族學院,民族語言與傳播學系,學士班,女,62
原住民民族學院,民族語言與傳播學系,學士班,男,63
原住民民族學院,原住民族樂舞與藝術學士學位學程(108新增),學士班,女,29
原住民民族學院,原住民族樂舞與藝術學士學位學程(108新增),學士班,男,24
原住民民族學院,族群關係與文化學系,學士班,女,76
原住民民族學院,族群關係與文化學系,學士班,男,52
理工學院,化學系,學士班,女,86
理工學院,化學系,學士班,男,114
理工學院,生化暨分子醫學科學系(113更名),學士班,女,81
理工學院,生化暨分子醫學科學系(113更名),學士班,男,89
理工學院,光電工程學系,學士班,女,45
理工學院,光電工程學系,學士班,男,153
理工學院,材料科學與工程學系,學士班,女,85
理工學院,材料科學與工程學系,學士班,男,160
理工學院,物理學系,學士班,女,46
理工學院,物理學系,學士班,男,187
理工學院,理工學院大數據科學國際學士班(113新增),學士班,女,21
理工學院,理工學院大數據科學國際學士班(113新增),學士班,男,24
理工學院,資訊工程學系,學士班,女,160
理工學院,資訊工程學系,學士班,男,403
理工學院,電機工程學系,學士班,女,59
理工學院,電機工程學系,學士班,男,217
理工學院,應用數學系,學士班,女,57
理工學院,應用數學系,學士班,男,182
管理學院,企業管理學系,學士班,女,118
管理學院,企業管理學系,學士班,男,106
管理學院,財務金融學系,學士班,女,124
管理學院,財務金融學系,學士班,男,133
管理學院,國際企業學系,學士班,女,124
管理學院,國際企業學系,學士班,男,78
管理學院,會計學系,學士班,女,134
管理學院,會計學系,學士班,男,102
管理學院,資訊管理學系,學士班,女,120
管理學院,資訊管理學系,學士班,男,159
管理學院,管理學院會計與資訊管理國際學士班(112新),學士班,女,33
管理學院,管理學院會計與資訊管理國際學士班(112新),學士班,男,20
管理學院,管理學院管理科學與財金國際學士學位學程,學士班,女,58
管理學院,管理學院管理科學與財金國際學士學位學程,學士班,男,56
管理學院,管理學院數位行銷與服務創新國際學士班(113新),學士班,女,16
管理學院,管理學院數位行銷與服務創新國際學士班(113新),學士班,男,6
管理學院,觀光暨休閒遊憩學系,學士班,女,117
管理學院,觀光暨休閒遊憩學系,學士班,男,80
環境暨海洋學院,自然資源與環境學系,學士班,女,86
環境暨海洋學院,自然資源與環境學系,學士班,男,129
藝術學院,音樂學系,學士班,女,36
藝術學院,音樂學系,學士班,男,38
藝術學院,藝術創意產業學系,學士班,女,172
藝術學院,藝術創意產業學系,學士班,男,40
藝術學院,藝術與設計學系,學士班,女,152
藝術學院,藝術與設計學系,學士班,男,66
